Date,Open,High,Low,Close
2016-06-01,1216.642,1220.36,1205.909,1213.479
2016-06-02,1213.48,1217.63,1206.9,1207.909
2016-06-03,1207.968,1244.68,1207.489,1243.848
2016-06-04,1243.848,1243.848,1243.848,1243.848
2016-06-05,1242.879,1248.13,1242.079,1248.089
2016-06-06,1248.129,1248.629,1239.92,1244.802
2016-06-07,1244.869,1246.52,1234.771,1243.87
2016-06-08,1243.87,1266.26,1242.979,1264.789
2016-06-09,1264.799,1271.632,1256.761,1265.69
2016-06-10,1265.679,1278.09,1264.509,1272.838
2016-06-11,1272.838,1272.838,1272.838,1272.838
2016-06-12,1275.448,1278.281,1274.328,1277.588
2016-06-13,1277.581,1287.142,1272.352,1282.57
2016-06-14,1282.58,1289.772,1276.228,1284.39
2016-06-15,1284.389,1296.749,1278.428,1293.639
2016-06-16,1293.649,1315.53,1276.902,1281.96
2016-06-17,1281.981,1299.441,1276.53,1297.559
2016-06-18,1297.559,1297.559,1297.559,1297.559
2016-06-19,1289.379,1292.219,1280.979,1289.26
2016-06-20,1289.17,1291.11,1277.969,1287.889
2016-06-21,1287.89,1294.189,1264.478,1268.95
2016-06-22,1268.949,1270.559,1259.52,1262.629
2016-06-23,1262.629,1271.839,1250.179,1267.251
2016-06-24,1267.251,1358.229,1264.029,1315.43
2016-06-25,1315.43,1315.43,1315.43,1315.43
2016-06-26,1321.238,1335.289,1321.138,1332.669
2016-06-27,1332.609,1333.61,1317.629,1324.562
2016-06-28,1324.56,1325.91,1305.458,1313.929
2016-06-29,1313.93,1327.802,1313.298,1315.918
2016-06-30,1315.989,1326.629,1312.789,1321.72
2016-07-01,1321.719,1344.48,1320.518,1340.511
2016-07-02,1340.511,1340.511,1340.511,1340.511
2016-07-03,1341.38,1344.898,1335.941,1342.759
2016-07-04,1342.8,1357.439,1340.32,1349.49
2016-07-05,1349.489,1364.64,1338.039,1362.549
2016-07-06,1362.56,1375.081,1359.759,1366.279
2016-07-07,1366.28,1370.692,1350.789,1360.921
2016-07-08,1360.929,1370.34,1335.419,1365.778
2016-07-09,1365.778,1365.778,1365.778,1365.778
2016-07-10,1367.578,1375.02,1366.83,1369.839
2016-07-11,1369.821,1371.219,1350.83,1354.228
2016-07-12,1354.3,1357.668,1330.312,1333.789
2016-07-13,1333.79,1346.648,1327.548,1345.458
2016-07-14,1345.579,1347.061,1320.201,1335.299
2016-07-15,1335.319,1338.63,1322.498,1336.629
2016-07-16,1336.629,1336.629,1336.629,1336.629
2016-07-17,1332.618,1334.43,1329.888,1332.699
2016-07-18,1332.808,1335.47,1323.461,1328.788
2016-07-19,1328.769,1334.926,1325.579,1332.868
2016-07-20,1332.868,1338.349,1312.539,1312.778
2016-07-21,1312.758,1333.83,1310.759,1332.29
2016-07-22,1332.329,1333.41,1319.628,1321.688
2016-07-23,1321.688,1321.688,1321.688,1321.688
2016-07-24,1322.679,1323.29,1320.169,1323.2
2016-07-25,1323.189,1323.71,1311.971,1316.029
2016-07-26,1316.119,1324.488,1313.759,1319.029
2016-07-27,1318.999,1342.418,1315.762,1339.62
2016-07-28,1339.628,1345.528,1332.439,1335.989
2016-07-29,1336.041,1354.998,1328.462,1350.078
2016-07-30,1350.078,1350.078,1350.078,1350.078
2016-07-31,1349.338,1351.04,1346.999,1349.039
2016-08-01,1349.039,1354.849,1346.229,1352.72
2016-08-02,1352.698,1367.198,1347.108,1363.019
2016-08-03,1363.019,1366.45,1354.181,1356.128
2016-08-04,1356.14,1364.948,1349.1,1360.129
2016-08-05,1360.129,1364.649,1334.718,1335.128
2016-08-06,1335.128,1335.128,1335.128,1335.128
2016-08-07,1335.348,1335.348,1331.349,1333.469
2016-08-08,1333.469,1338.249,1329.868,1335.959
2016-08-09,1335.929,1342.898,1330.579,1341.789
2016-08-10,1341.789,1357.16,1340.678,1347.499
2016-08-11,1347.508,1353.279,1335.728,1339.339
2016-08-12,1339.339,1356.339,1333.309,1335.318
2016-08-13,1335.318,1335.318,1335.318,1335.318
2016-08-14,1338.029,1339.429,1336.579,1338.979
2016-08-15,1338.98,1343.808,1335.749,1341.038
2016-08-16,1341.029,1358.009,1340.529,1347.788
2016-08-17,1347.7,1352.939,1335.91,1352.178
2016-08-18,1352.159,1356.049,1346.038,1350.109
2016-08-19,1350.059,1351.158,1337.738,1340.899
2016-08-20,1340.899,1340.899,1340.899,1340.899
2016-08-21,1340.351,1340.811,1334.879,1337.38
2016-08-22,1337.379,1340.03,1331.69,1337.659
2016-08-23,1337.659,1344.63,1335.289,1337.908
2016-08-24,1337.898,1340.062,1323.369,1325.919
2016-08-25,1325.868,1326.959,1318.009,1322.058
2016-08-26,1322.069,1342.161,1318.328,1320.609
2016-08-27,1320.609,1320.609,1320.609,1320.609
2016-08-28,1319.971,1321.358,1318.318,1320.628
2016-08-29,1320.688,1325.068,1314.872,1323.748
2016-08-30,1323.76,1325.43,1309.229,1312.179
2016-08-31,1312.171,1316.088,1304.358,1309.601
2016-09-01,1309.601,1315.109,1302.452,1314.338
2016-09-02,1314.348,1330.089,1303.118,1324.608
2016-09-03,1324.608,1324.608,1324.608,1324.608
2016-09-04,1323.899,1325.019,1322.508,1322.629
2016-09-05,1322.618,1328.538,1321.759,1327.228
2016-09-06,1327.249,1352.519,1324.85,1349.019
2016-09-07,1349.02,1352.558,1341.789,1344.209
2016-09-08,1344.219,1349.33,1335.521,1337.218
2016-09-09,1337.239,1339.499,1327.129,1327.509
2016-09-10,1327.509,1327.509,1327.509,1327.509
2016-09-11,1328.018,1329.889,1327.23,1329.43
2016-09-12,1329.429,1330.368,1320.379,1329.69
2016-09-13,1329.849,1331.969,1313.519,1320.958
2016-09-14,1320.95,1325.95,1315.999,1322.779
2016-09-15,1322.78,1328.448,1309.289,1316.89
2016-09-16,1316.929,1318.028,1306.199,1309.878
2016-09-17,1309.878,1309.878,1309.878,1309.878
2016-09-18,1309.68,1312.52,1309.48,1310.949
2016-09-19,1310.929,1318.4,1309.408,1313.918
2016-09-20,1313.899,1317.888,1311.989,1315.891
2016-09-21,1315.891,1336.879,1307.91,1333.23
2016-09-22,1333.229,1343.629,1331.149,1337.099
2016-09-23,1337.2,1340.59,1333.748,1337.069
2016-09-24,1337.069,1337.069,1337.069,1337.069
2016-09-25,1336.652,1338.828,1336.572,1338.299
2016-09-26,1338.25,1342.119,1332.689,1337.408
2016-09-27,1337.408,1339.46,1324.702,1326.462
2016-09-28,1326.462,1327.089,1317.989,1323.449
2016-09-29,1323.458,1325.778,1316.039,1322.091
2016-09-30,1322.052,1328.009,1313.228,1314.998
2016-10-01,1314.998,1314.998,1314.998,1314.998
2016-10-02,1318.429,1318.448,1315.13,1315.652
2016-10-03,1315.608,1319.619,1309.331,1311.829
2016-10-04,1311.83,1312.139,1266.409,1268.129
2016-10-05,1268.129,1277.111,1262.118,1269.16
2016-10-06,1269.109,1269.239,1249.818,1255.939
2016-10-07,1255.939,1265.399,1241.388,1256.159
2016-10-08,1256.159,1256.159,1256.159,1256.159
2016-10-09,1256.931,1261.66,1256.511,1259.869
2016-10-10,1259.831,1264.929,1256.581,1258.498
2016-10-11,1258.498,1262.119,1251.049,1254.499
2016-10-12,1254.478,1258.836,1249.739,1253.958
2016-10-13,1253.968,1262.23,1253.088,1257.026
2016-10-14,1256.948,1259.389,1246.058,1250.529
2016-10-15,1250.529,1250.529,1250.529,1250.529
2016-10-16,1251.509,1253.072,1250.111,1253.01
2016-10-17,1253.019,1257.111,1250.508,1255.778
2016-10-18,1255.778,1264.71,1255.629,1263.621
2016-10-19,1263.621,1273.309,1260.252,1269.99
2016-10-20,1269.989,1274.368,1264.479,1264.998
2016-10-21,1265.019,1267.998,1261.111,1265.899
2016-10-22,1265.899,1265.899,1265.899,1265.899
2016-10-23,1265.729,1266.579,1265.429,1266.158
2016-10-24,1266.179,1271.871,1260.401,1263.411
2016-10-25,1263.411,1276.611,1262.071,1274.361
2016-10-26,1274.372,1276.44,1264.692,1266.509
2016-10-27,1266.488,1272.779,1265.061,1269.512
2016-10-28,1269.491,1284.158,1261.518,1274.358
2016-10-29,1274.358,1274.358,1274.358,1274.358
2016-10-30,1277.208,1279.348,1276.261,1278.669
2016-10-31,1278.768,1279.489,1271.189,1276.09
2016-11-01,1276.089,1291.822,1275.621,1287.699
2016-11-02,1287.699,1307.961,1287.328,1298.419
2016-11-03,1298.428,1306.65,1285.618,1302.009
2016-11-04,1302.018,1307.17,1294.711,1303.559
2016-11-05,1303.559,1303.559,1303.559,1303.559
2016-11-06,1292.729,1294.18,1287.679,1289.229
2016-11-07,1289.229,1295.811,1278.109,1282.429
2016-11-08,1282.429,1290.589,1267.949,1273.321
2016-11-09,1273.371,1337.308,1268.762,1276.19
2016-11-10,1276.139,1292.209,1252.278,1260.792
2016-11-11,1260.792,1265.391,1219.039,1225.982
2016-11-12,1225.982,1225.982,1225.982,1225.982
2016-11-13,1226.872,1231.241,1226.721,1229.649
2016-11-14,1229.649,1230.108,1211.538,1223.622
2016-11-15,1223.622,1231.54,1218.878,1226.978
2016-11-16,1226.978,1232.998,1221.458,1226.738
2016-11-17,1226.718,1231.378,1210.969,1214.729
2016-11-18,1214.691,1216.092,1202.898,1207.062
2016-11-19,1207.062,1207.062,1207.062,1207.062
2016-11-20,1207.792,1208.152,1205.541,1206.211
2016-11-21,1206.211,1217.583,1206.211,1216.071
2016-11-22,1216.071,1220.969,1206.128,1212.828
2016-11-23,1212.849,1214.691,1181.702,1189.568
2016-11-24,1189.619,1190.768,1180.338,1186.061
2016-11-25,1186.021,1193.231,1170.839,1183.778
2016-11-26,1183.778,1183.778,1183.778,1183.778
2016-11-27,1183.251,1186.939,1182.229,1186.721
2016-11-28,1186.659,1197.559,1183.018,1194.612
2016-11-29,1194.551,1194.949,1181.021,1188.772
2016-11-30,1188.721,1194.889,1170.718,1172.348
2016-12-01,1172.411,1176.689,1160.691,1173.361
2016-12-02,1173.271,1177.961,1166.681,1176.392
2016-12-03,1176.392,1176.392,1176.392,1176.392
2016-12-04,1181.661,1188.062,1177.699,1180.189
2016-12-05,1180.168,1181.398,1157.239,1170.108
2016-12-06,1170.058,1175.248,1166.879,1169.312
2016-12-07,1169.298,1180.189,1165.589,1174.861
2016-12-08,1174.921,1178.619,1169.151,1170.582
2016-12-09,1170.532,1171.969,1156.268,1158.938
2016-12-10,1158.938,1158.938,1158.938,1158.938
2016-12-11,1159.222,1159.522,1157,1158.452
2016-12-12,1158.389,1165.749,1151.228,1162.979
2016-12-13,1162.979,1164.968,1154.548,1158.568
2016-12-14,1158.518,1165.158,1138.671,1142.839
2016-12-15,1142.839,1144.379,1122.839,1128.061
2016-12-16,1127.998,1141.169,1126.641,1133.851
2016-12-17,1133.851,1133.851,1133.851,1133.851
2016-12-18,1134.061,1136.752,1133.921,1135.759
2016-12-19,1136.002,1142.319,1135.512,1138.591
2016-12-20,1138.578,1139.689,1125.718,1131.988
2016-12-21,1131.982,1137.061,1129.321,1130.901
2016-12-22,1130.901,1134.049,1127.461,1128.732
2016-12-23,1128.731,1135.769,1128.279,1132.691
2016-12-24,1132.691,1132.691,1132.691,1132.691
2016-12-25,1132.691,1132.691,1132.691,1132.691
2016-12-26,1133.178,1134.731,1132.858,1133.311
2016-12-27,1133.261,1150.799,1131.651,1139.202
2016-12-28,1139.312,1144.458,1136.482,1142.309
2016-12-29,1142.288,1161.949,1142.258,1160.228
2016-12-30,1160.181,1163.199,1149.678,1150.312
2016-12-31,1150.312,1150.312,1150.312,1150.312
2017-01-01,1150.312,1150.312,1150.312,1150.312
2017-01-02,1150,1152.472,1149.418,1150.361
2017-01-03,1150.361,1164.408,1146.039,1157.109
2017-01-04,1157.109,1167.862,1156.138,1165.818
2017-01-05,1165.858,1185.038,1165.798,1180.772
2017-01-06,1180.772,1182.649,1170.919,1172.158
2017-01-07,1172.158,1172.158,1172.158,1172.158
2017-01-08,1172.591,1173.972,1171.588,1173.841
2017-01-09,1173.791,1186.078,1172.641,1182.499
2017-01-10,1182.388,1190.609,1180.099,1186.099
2017-01-11,1186.099,1198.179,1177.098,1193.462
2017-01-12,1193.478,1206.929,1192.801,1196.302
2017-01-13,1196.219,1200.699,1187.838,1196.668
2017-01-14,1196.668,1196.668,1196.668,1196.668
2017-01-15,1200.202,1204.972,1197.849,1203.369
2017-01-16,1203.391,1208.581,1200.218,1203.112
2017-01-17,1203.078,1218.798,1203.022,1215.102
2017-01-18,1215.052,1217.509,1201.758,1203.031
2017-01-19,1202.942,1206.479,1195.849,1203.559
2017-01-20,1203.669,1214.898,1198.578,1209.609
2017-01-21,1209.609,1209.609,1209.609,1209.609
2017-01-22,1209.462,1215.691,1209.462,1215.401
2017-01-23,1215.401,1219.931,1209.258,1217.369
2017-01-24,1217.369,1218.549,1206.549,1209.101
2017-01-25,1209.152,1209.779,1193.208,1200.948
2017-01-26,1200.959,1202.622,1184.378,1188.228
2017-01-27,1188.278,1191.568,1180.548,1190.088
2017-01-28,1190.088,1190.088,1190.088,1190.088
2017-01-29,1192.872,1194.562,1191.061,1194.101
2017-01-30,1194.049,1199.399,1188.211,1196.569
2017-01-31,1196.641,1215.322,1196.078,1211.591
2017-02-01,1211.539,1212.328,1198.148,1209.649
2017-02-02,1209.698,1225.288,1209.599,1214.598
2017-02-03,1214.698,1221.338,1206.351,1219.538
2017-02-04,1219.538,1219.538,1219.538,1219.538
2017-02-05,1219.432,1223.211,1219.158,1220.838
2017-02-06,1220.849,1235.599,1220.088,1233.282
2017-02-07,1233.289,1235.709,1227.691,1231.969
2017-02-08,1231.969,1244.708,1229.979,1239.771
2017-02-09,1239.771,1244.428,1225.089,1226.471
2017-02-10,1226.471,1237.069,1221.589,1232.858
2017-02-11,1232.858,1232.858,1232.858,1232.858
2017-02-12,1231.479,1232.822,1228.619,1230.178
2017-02-13,1230.211,1232.268,1219.298,1226.152
2017-02-14,1226.201,1234.478,1221.839,1228.398
2017-02-15,1228.419,1233.941,1216.601,1232.942
2017-02-16,1232.942,1242.339,1232.081,1238.452
2017-02-17,1238.452,1243.749,1233.728,1233.728
2017-02-18,1233.728,1233.728,1233.728,1233.728
2017-02-19,1234.901,1238.088,1234.881,1236.168
2017-02-20,1236.121,1238.941,1232.711,1237.011
2017-02-21,1237.061,1238.819,1226.108,1234.801
2017-02-22,1234.801,1240.329,1231.179,1236.751
2017-02-23,1236.751,1251.078,1235.728,1249.271
2017-02-24,1249.262,1260.109,1247.888,1256.428
2017-02-25,1256.428,1256.428,1256.428,1256.428
2017-02-26,1257.581,1257.632,1254.881,1255.821
2017-02-27,1255.821,1263.831,1250.938,1253.328
2017-02-28,1253.348,1258.358,1245.689,1245.948
2017-03-01,1245.918,1250.599,1236.849,1247.151
2017-03-02,1247.151,1247.949,1230.919,1235.259
2017-03-03,1235.279,1236.288,1222.808,1234.008
2017-03-04,1234.008,1234.008,1234.008,1234.008
2017-03-05,1232.731,1236.868,1232.568,1236.758
2017-03-06,1236.758,1236.768,1224.048,1225.968
2017-03-07,1225.948,1227.051,1214.078,1216.102
2017-03-08,1216.152,1218.489,1206.548,1208.369
2017-03-09,1208.368,1208.958,1198.688,1199.748
2017-03-10,1199.748,1206.299,1194.848,1203.892
2017-03-11,1203.892,1203.892,1203.892,1203.892
2017-03-12,1205.831,1207.189,1205.308,1205.939
2017-03-13,1205.989,1211.129,1201.759,1202.188
2017-03-14,1202.188,1207.588,1197.298,1200.339
2017-03-15,1200.422,1221.998,1197.548,1220.401
2017-03-16,1220.401,1233.698,1220.028,1226.301
2017-03-17,1226.261,1231.579,1224.422,1228.528
2017-03-18,1228.528,1228.528,1228.528,1228.528
2017-03-19,1229.572,1231.261,1229.261,1231.261
2017-03-20,1231.289,1235.468,1230.068,1234.586
2017-03-21,1234.597,1247.548,1226.859,1245.982
2017-03-22,1245.982,1251.319,1243.949,1246.025
2017-03-23,1246.025,1253.272,1242.781,1245.548
2017-03-24,1245.548,1251.838,1240.948,1242.469
2017-03-25,1242.469,1242.469,1242.469,1242.469
2017-03-26,1246.622,1254.231,1246.621,1252.878
2017-03-27,1252.892,1261.012,1252.362,1252.989
2017-03-28,1252.948,1258.319,1247.671,1250.141
2017-03-29,1250.152,1254.609,1247.288,1252.582
2017-03-30,1252.558,1252.909,1242.233,1243.651
2017-03-31,1243.621,1250.542,1239.649,1248.358
2017-04-01,1248.358,1248.358,1248.358,1248.358
2017-04-02,1247.378,1249.708,1247.378,1248.228
2017-04-03,1248.228,1255.818,1244.442,1255.512
2017-04-04,1255.591,1261.249,1254.021,1255.561
2017-04-05,1255.509,1258.809,1243.691,1258.228
2017-04-06,1258.198,1258.741,1249.751,1251.531
2017-04-07,1251.478,1270.531,1250.558,1253.759
2017-04-08,1253.759,1253.759,1253.759,1253.759
2017-04-09,1253.971,1255.829,1253.408,1255.032
2017-04-10,1255.042,1257.041,1247.108,1255.911
2017-04-11,1255.981,1276.211,1253.028,1276.078
2017-04-12,1276.122,1287.222,1271.942,1287.188
2017-04-13,1287.158,1288.562,1281.851,1286.398
2017-04-14,1286.398,1286.398,1286.398,1286.398
2017-04-15,1286.398,1286.398,1286.398,1286.398
2017-04-16,1290.271,1295.422,1289.721,1294.592
2017-04-17,1294.591,1294.982,1281.348,1282.972
2017-04-18,1282.972,1292.288,1278.898,1289.151
2017-04-19,1289.158,1289.288,1274.071,1279.592
2017-04-20,1279.592,1283.391,1276.599,1280.922
2017-04-21,1280.921,1288.211,1278.471,1284.421
2017-04-22,1284.421,1284.421,1284.421,1284.421
2017-04-23,1275.928,1275.977,1265.431,1274.181
2017-04-24,1274.181,1278.129,1266.648,1277.451
2017-04-25,1277.451,1277.869,1261.601,1263.591
2017-04-26,1263.682,1270.598,1260.008,1267.461
2017-04-27,1267.462,1268.342,1261.259,1263.978
2017-04-28,1263.958,1268.522,1263.308,1266.769
2017-04-29,1266.769,1266.769,1266.769,1266.769
2017-04-30,1268.252,1271.072,1268.161,1270.201
2017-05-01,1270.301,1270.369,1254.189,1256.689
2017-05-02,1256.689,1257.728,1251.999,1256.521
2017-05-03,1256.562,1256.921,1235.881,1238.201
2017-05-04,1238.202,1241.259,1225.701,1228.371
2017-05-05,1228.372,1235.561,1226.078,1226.812
2017-05-06,1226.812,1226.812,1226.812,1226.812
2017-05-07,1221.688,1234.672,1221.059,1234.641
2017-05-08,1234.642,1236.492,1225.6,1227.762
2017-05-09,1227.762,1228.591,1214.259,1223.408
2017-05-10,1223.408,1225.619,1217.542,1217.708
2017-05-11,1217.699,1227.618,1216.949,1224.941
2017-05-12,1224.942,1231.739,1224.428,1227.442
2017-05-13,1227.442,1227.442,1227.442,1227.442
2017-05-14,1228.128,1230.492,1228.048,1229.709
2017-05-15,1229.701,1237.281,1226.942,1231.402
2017-05-16,1231.401,1244.471,1230.381,1243.349
2017-05-17,1243.398,1263.062,1241.038,1260.288
2017-05-18,1260.258,1265.002,1246,1248.481
2017-05-19,1248.522,1256.392,1247.321,1255.221
2017-05-20,1255.221,1255.221,1255.221,1255.221
2017-05-21,1256.998,1257.552,1254.459,1256.952
2017-05-22,1257.042,1263.471,1251.748,1263.072
2017-05-23,1263.071,1263.728,1250.629,1250.992
2017-05-24,1251.081,1258.918,1247.952,1257.822
2017-05-25,1257.811,1259.629,1253.038,1255.191
2017-05-26,1255.121,1269.429,1254.099,1266.492
2017-05-27,1266.492,1266.492,1266.492,1266.492
2017-05-28,1267.121,1268.992,1266.072,1268.291
2017-05-29,1268.192,1268.691,1265.021,1266.802
2017-05-30,1266.741,1270.439,1259.369,1262.372
2017-05-31,1262.372,1274.072,1259.529,1268.658
2017-06-01,1268.642,1270.279,1261.488,1264.681
2017-06-02,1264.681,1279.472,1259.029,1278.298
2017-06-03,1278.298,1278.298,1278.298,1278.298
2017-06-04,1279.758,1281.229,1278.359,1279.868
2017-06-05,1279.868,1283.381,1277.749,1280.449
2017-06-06,1280.449,1296.058,1279.628,1293.661
2017-06-07,1293.661,1294.232,1282.618,1284.569
2017-06-08,1284.569,1288.899,1271.311,1279.892
2017-06-09,1279.808,1280.159,1264.628,1266.332
2017-06-10,1266.332,1266.332,1266.332,1266.332
2017-06-11,1266.871,1267.962,1266.221,1267.752
2017-06-12,1267.741,1270.351,1263.558,1265.191
2017-06-13,1265.192,1268.912,1259.268,1267.268
2017-06-14,1267.251,1281.087,1257.138,1263.368
2017-06-15,1263.368,1266.656,1251.492,1253.831
2017-06-16,1253.792,1257.141,1251.769,1253.241
2017-06-17,1253.241,1253.241,1253.241,1253.241
2017-06-18,1254.221,1255.662,1253.321,1254.628
2017-06-19,1254.642,1255.239,1242.538,1243.761
2017-06-20,1243.761,1248.092,1241.281,1244.868
2017-06-21,1244.888,1249.762,1240.969,1248.912
2017-06-22,1248.868,1254.682,1246.621,1251.468
2017-06-23,1251.432,1258.811,1250,1256.002
2017-06-24,1256.002,1256.002,1256.002,1256.002
2017-06-25,1257.121,1257.991,1256.772,1257.361
2017-06-26,1257.362,1257.409,1236.001,1243.091
2017-06-27,1243.091,1253.112,1241.341,1249.268
2017-06-28,1249.198,1254.849,1247.851,1249.612
2017-06-29,1249.699,1253.148,1239.791,1246.448
2017-06-30,1246.458,1248.222,1239.308,1240.411
2017-07-01,1240.411,1240.411,1240.411,1240.411
2017-07-02,1241.621,1242.672,1240.571,1241.778
2017-07-03,1241.778,1241.992,1218.489,1223.372
2017-07-04,1223.361,1227.389,1220.581,1226.641
2017-07-05,1226.641,1229.132,1217.429,1226.529
2017-07-06,1226.508,1227.899,1218.942,1222.762
2017-07-07,1222.762,1228.449,1207.251,1212.251
2017-07-08,1212.251,1212.251,1212.251,1212.251
2017-07-09,1212.328,1213.762,1211.369,1213.332
2017-07-10,1213.332,1215.581,1204.832,1213.648
2017-07-11,1213.648,1218.022,1208.172,1217.858
2017-07-12,1217.21,1217.91,1216.25,1217.75
2017-07-13,1219.038,1224.419,1216.499,1217.579
2017-07-14,1217.589,1232.858,1214.761,1228.501
2017-07-15,1228.501,1228.501,1228.501,1228.501
2017-07-16,1229.109,1231.042,1228.211,1230.771
2017-07-17,1230.771,1235.972,1229.349,1232.852
2017-07-18,1232.852,1244.521,1232.791,1242.662
2017-07-19,1242.669,1243.978,1235.928,1241.298
2017-07-20,1241.371,1247.512,1235.281,1243.889
2017-07-21,1243.898,1255.701,1243.401,1254.661
2017-07-22,1254.661,1254.661,1254.661,1254.661
2017-07-23,1255.122,1256.248,1253.338,1256.149
2017-07-24,1256.142,1258.791,1251.901,1253.621
2017-07-25,1253.558,1257.889,1246.591,1246.729
2017-07-26,1246.729,1263.508,1243.731,1260.218
2017-07-27,1260.222,1265.229,1254.499,1260.038
2017-07-28,1260.038,1270.822,1257.331,1268.802
2017-07-29,1268.802,1268.802,1268.802,1268.802
2017-07-30,1270.071,1271.129,1269.608,1270.208
2017-07-31,1270.228,1270.431,1265.749,1267.481
2017-08-01,1267.482,1274.061,1262.638,1267.622
2017-08-02,1267.631,1272.812,1257.401,1263.028
2017-08-03,1263.028,1270.799,1259.838,1269.128
2017-08-04,1269.171,1270.118,1254.162,1258.072
2017-08-05,1258.072,1258.072,1258.072,1258.072
2017-08-06,1258.778,1258.872,1256.522,1257.322
2017-08-07,1257.321,1259.869,1255.712,1257.622
2017-08-08,1257.621,1265.181,1251.488,1262.008
2017-08-09,1262.008,1278.688,1261.291,1275.791
2017-08-10,1275.792,1287.792,1274.598,1286.592
2017-08-11,1286.522,1292.011,1281.271,1288.258
2017-08-12,1288.258,1288.258,1288.258,1288.258
2017-08-13,1290.121,1290.121,1287.721,1288.811
2017-08-14,1288.722,1289.531,1278.588,1279.122
2017-08-15,1279.128,1279.529,1267.278,1272.931
2017-08-16,1272.931,1284.092,1267.731,1282.941
2017-08-17,1282.941,1290.121,1281.438,1288.471
2017-08-18,1288.472,1300.828,1283.481,1283.511
2017-08-19,1283.511,1283.511,1283.511,1283.511
2017-08-20,1283.172,1284.222,1280.491,1283.479
2017-08-21,1283.591,1293.702,1281.821,1291.628
2017-08-22,1291.578,1291.589,1281.991,1283.198
2017-08-23,1283.188,1291.411,1282.751,1290.521
2017-08-24,1290.508,1290.772,1284.468,1286.618
2017-08-25,1286.618,1294.378,1276.137,1290.672
2017-08-26,1290.672,1290.672,1290.672,1290.672
2017-08-27,1292.241,1294.689,1291.989,1292.561
2017-08-28,1292.561,1324.391,1291.779,1317.441
2017-08-29,1317.442,1325.951,1304.989,1308.881
2017-08-30,1308.829,1313.641,1305.138,1307.192
2017-08-31,1307.191,1323.631,1298.288,1321.218
2017-09-01,1321.208,1328.809,1316.441,1323.661
2017-09-02,1323.661,1323.661,1323.661,1323.661
2017-09-03,1334.521,1338.421,1333.532,1336.031
2017-09-04,1336.032,1339.592,1331.742,1332.857
2017-09-05,1332.893,1344.328,1326.259,1341.571
2017-09-06,1341.569,1342.429,1331.598,1333.401
2017-09-07,1333.388,1349.839,1332.591,1348.838
2017-09-08,1348.932,1357.498,1342.711,1346.061
2017-09-09,1346.061,1346.061,1346.061,1346.061
2017-09-10,1335.871,1339.982,1333.862,1337.752
2017-09-11,1337.651,1339.011,1326.349,1327.171
2017-09-12,1327.208,1334.522,1322.589,1330.892
2017-09-13,1330.891,1334.599,1320.991,1322.228
2017-09-14,1322.229,1334.292,1315.718,1333.912
2017-09-15,1333.911,1334.081,1319.318,1319.642
2017-09-16,1319.642,1319.642,1319.642,1319.642
2017-09-17,1319.288,1319.891,1314.458,1316.251
2017-09-18,1316.251,1319.639,1304.602,1308.848
2017-09-19,1308.848,1311.642,1305.138,1310.798
2017-09-20,1310.798,1315.968,1296.008,1298.951
2017-09-21,1298.931,1300.882,1288.161,1291.911
2017-09-22,1291.898,1298.689,1291.228,1297.131
2017-09-23,1297.131,1297.131,1297.131,1297.131
2017-09-24,1297.972,1298.021,1289.428,1292.031
2017-09-25,1292.031,1311.921,1290.758,1308.311
2017-09-26,1308.311,1313.602,1292.169,1293.232
2017-09-27,1293.231,1296.208,1281.451,1283.511
2017-09-28,1283.512,1288.741,1277.682,1286.932
2017-09-29,1286.931,1290.332,1275.751,1278.502
2017-09-30,1278.502,1278.502,1278.502,1278.502
2017-10-01,1279.541,1280.072,1276.771,1277.868
2017-10-02,1277.861,1277.878,1269.328,1271.092
2017-10-03,1271.071,1274.701,1268.298,1272.439
2017-10-04,1272.439,1282.172,1270.592,1273.959
2017-10-05,1273.952,1278.962,1266.328,1269.052
2017-10-06,1269.051,1276.492,1260.581,1276.262
2017-10-07,1276.262,1276.262,1276.262,1276.262
2017-10-08,1276.051,1277.722,1275.332,1276.591
2017-10-09,1276.592,1285.431,1275.251,1283.169
2017-10-10,1283.191,1294.169,1282.081,1289.581
2017-10-11,1289.582,1293.491,1284.538,1292.372
2017-10-12,1292.401,1297.431,1289.631,1293.916
2017-10-13,1293.923,1303.772,1290.858,1303.511
2017-10-14,1303.511,1303.511,1303.511,1303.511
2017-10-15,1303.131,1304.268,1301.718,1304.229
2017-10-16,1304.178,1306.012,1290.482,1294.971
2017-10-17,1294.989,1295.209,1281.518,1285.932
2017-10-18,1285.931,1288.851,1276.972,1280.301
2017-10-19,1280.301,1291.038,1276.639,1290.072
2017-10-20,1290.071,1290.568,1277.921,1280.061
2017-10-21,1280.061,1280.061,1280.061,1280.061
2017-10-22,1279.421,1279.422,1274.261,1274.942
2017-10-23,1274.938,1283.231,1272.518,1282.631
2017-10-24,1282.631,1283.612,1273.701,1275.691
2017-10-25,1275.681,1279.981,1271,1279.249
2017-10-26,1279.249,1282.499,1265.682,1267.091
2017-10-27,1267.088,1273.972,1263.479,1273.791
2017-10-28,1273.791,1273.791,1273.791,1273.791
2017-10-29,1272.779,1273.888,1271.939,1272.352
2017-10-30,1272.331,1278.772,1268.948,1277.128
2017-10-31,1277.128,1278.108,1267.661,1269.939
2017-11-01,1269.939,1280.849,1267.941,1275.368
2017-11-02,1275.318,1284.068,1273.332,1277.658
2017-11-03,1277.668,1280.142,1265.469,1269.712
2017-11-04,1269.712,1269.712,1269.712,1269.712
2017-11-05,1269.901,1270.768,1268.748,1270.489
2017-11-06,1270.489,1282.862,1266.042,1279.981
2017-11-07,1279.991,1280.669,1271.862,1277.582
2017-11-08,1277.581,1287.142,1275.901,1281.821
2017-11-09,1281.812,1288.699,1279.931,1285.999
2017-11-10,1286.041,1287.031,1273.392,1275.3
2017-11-11,1275.3,1275.3,1275.3,1275.3
2017-11-12,1274.851,1275.622,1274.261,1275.172
2017-11-13,1275.168,1279.722,1274.801,1277.792
2017-11-14,1277.791,1283.552,1269.902,1280.871
2017-11-15,1280.871,1289.451,1276.678,1279.359
2017-11-16,1279.432,1281.742,1275.101,1279.198
2017-11-17,1279.181,1296.941,1278.921,1294.071
2017-11-18,1294.071,1294.071,1294.071,1294.071
2017-11-19,1293.372,1294.749,1291.672,1293.521
2017-11-20,1293.522,1294.138,1274.569,1279.281
2017-11-21,1279.291,1284.702,1276.37,1281.901
2017-11-22,1281.942,1294.658,1279.05,1290.859
2017-11-23,1290.881,1293.502,1287.041,1291.288
2017-11-24,1291.231,1293.202,1285.669,1288.448
2017-11-25,1288.448,1288.448,1288.448,1288.448
2017-11-26,1289.121,1289.212,1287.221,1287.362
2017-11-27,1287.361,1299.168,1286.721,1294.458
2017-11-28,1294.481,1297.377,1290.601,1293.938
2017-11-29,1293.938,1296.621,1281.991,1284.078
2017-11-30,1284.078,1285.232,1270.371,1274.898
2017-12-01,1274.901,1289.209,1271.619,1280.201
2017-12-02,1280.201,1280.201,1280.201,1280.201
2017-12-03,1274.522,1275.434,1272.431,1273.821
2017-12-04,1273.822,1277.131,1271.051,1276.472
2017-12-05,1276.498,1276.922,1260.932,1266.198
2017-12-06,1266.178,1269.218,1262.289,1264.031
2017-12-07,1264.032,1264.081,1243.901,1247.031
2017-12-08,1247.031,1252.312,1243.639,1248.371
2017-12-09,1248.371,1248.371,1248.371,1248.371
2017-12-10,1247.121,1249.149,1247.121,1248.492
2017-12-11,1248.502,1251.518,1240.672,1242.798
2017-12-12,1242.798,1246.179,1236.461,1243.359
2017-12-13,1243.351,1257.068,1240.248,1253.969
2017-12-14,1253.979,1259.022,1250.461,1253.492
2017-12-15,1253.492,1261.809,1253.058,1254.972
2017-12-16,1254.972,1254.972,1254.972,1254.972
2017-12-17,1254.771,1254.771,1253.608,1253.869
2017-12-18,1253.858,1263.922,1252.742,1261.418
2017-12-19,1261.428,1265.212,1259.211,1261.699
2017-12-20,1261.682,1267.839,1261.341,1266.391
2017-12-21,1266.392,1268.959,1262.749,1266.921
2017-12-22,1266.958,1276.121,1264.941,1274.752
2017-12-23,1274.752,1274.752,1274.752,1274.752
2017-12-24,1274.752,1274.752,1274.752,1274.752
2017-12-25,1274.271,1274.971,1273.248,1273.572
2017-12-26,1273.471,1283.798,1273.371,1282.061
2017-12-27,1282.058,1288.979,1281.311,1287.612
2017-12-28,1287.612,1295.171,1287.109,1294.072
2017-12-29,1294.061,1307.552,1293.941,1302.622
2017-12-30,1302.622,1302.622,1302.622,1302.622
2017-12-31,1302.622,1302.622,1302.622,1302.622
2018-01-01,1302.922,1307.602,1302.231,1306.711
2018-01-02,1306.711,1321.401,1304.171,1320.211
2018-01-03,1320.251,1321.281,1307.428,1311.112
2018-01-04,1311.091,1325.969,1305.869,1320.892
2018-01-05,1320.921,1323.362,1313.639,1319.221
2018-01-06,1319.221,1319.221,1319.221,1319.221
2018-01-07,1320.422,1321.372,1319.161,1319.531
2018-01-08,1319.512,1322.101,1314.781,1317.981
2018-01-09,1318.001,1320.142,1308.822,1310.332
2018-01-10,1310.339,1327.691,1308.168,1317.722
2018-01-11,1317.721,1323.902,1315.678,1322.748
2018-01-12,1322.741,1339.301,1322.741,1337.532
2018-01-13,1337.532,1337.532,1337.532,1337.532
2018-01-14,1336.621,1338.052,1335.842,1336.912
2018-01-15,1336.938,1344.672,1336.498,1341.499
2018-01-16,1341.499,1341.941,1331.841,1340.712
2018-01-17,1340.711,1343.931,1325.911,1328.501
2018-01-18,1328.501,1333.089,1324.251,1327.919
2018-01-19,1327.928,1338.039,1326.741,1331.601
2018-01-20,1331.601,1331.601,1331.601,1331.601
2018-01-21,1334.041,1335.627,1331.829,1334.761
2018-01-22,1334.762,1335.548,1328.409,1333.141
2018-01-23,1333.151,1342.241,1331.342,1341.818
2018-01-24,1341.848,1361.991,1339.451,1356.112
2018-01-25,1356.111,1366.002,1342.408,1346.711
2018-01-26,1346.729,1357.111,1345.841,1349.198
2018-01-27,1349.198,1349.198,1349.198,1349.198
2018-01-28,1349.639,1351.139,1348.911,1351.131
2018-01-29,1351.151,1352.358,1337.601,1341.218
2018-01-30,1341.218,1348.882,1334.421,1338.491
2018-01-31,1338.491,1347.522,1332.639,1345.222
2018-02-01,1345.218,1351.009,1337.211,1348.599
2018-02-02,1348.552,1350.049,1327.401,1332.598
2018-02-03,1332.598,1332.598,1332.598,1332.598
2018-02-04,1332.021,1333.842,1329.451,1332.551
2018-02-05,1332.551,1341.591,1328.971,1340.448
2018-02-06,1340.398,1346.062,1320.178,1325.349
2018-02-07,1325.269,1332.279,1311.368,1319.041
2018-02-08,1319.042,1322.671,1307.018,1322.022
2018-02-09,1321.992,1321.992,1311.138,1315.688
2018-02-10,1315.688,1315.688,1315.688,1315.688
2018-02-11,1315.272,1316.868,1314.129,1316.271
2018-02-12,1316.271,1326.631,1315.971,1322.498
2018-02-13,1322.488,1332.972,1321.558,1331.771
2018-02-14,1331.872,1355.54,1318,1353.768
2018-02-15,1353.758,1357.079,1348.548,1353.909
2018-02-16,1353.898,1361.682,1344.749,1346.878
2018-02-17,1346.878,1346.878,1346.878,1346.878
2018-02-18,1347.462,1349.842,1347.312,1348.018
2018-02-19,1348.021,1351.351,1343.899,1345.309
2018-02-20,1345.299,1346.529,1328.451,1329.892
2018-02-21,1329.892,1336.208,1322.341,1326.761
2018-02-22,1326.761,1332.111,1320.898,1330.491
2018-02-23,1330.471,1331.609,1325.768,1328.478
2018-02-24,1328.478,1328.478,1328.478,1328.478
2018-02-25,1328.162,1329.949,1326.631,1327.032
2018-02-26,1327.031,1341.042,1326.998,1332.171
2018-02-27,1332.171,1336.699,1313.389,1317.482
2018-02-28,1317.439,1322.522,1315.581,1317.349
2018-03-01,1317.341,1321.118,1302.758,1316.988
2018-03-02,1316.988,1325.411,1315.178,1322.358
2018-03-03,1322.358,1322.358,1322.358,1322.358
2018-03-04,1323.672,1324.198,1319.928,1323.072
2018-03-05,1323.072,1327.752,1317.508,1320.901
2018-03-06,1320.868,1340.468,1320.481,1339.068
2018-03-07,1339.058,1340.352,1322.172,1324.491
2018-03-08,1324.461,1328.992,1319.008,1320.929
2018-03-09,1320.958,1325.118,1312.829,1322.909
2018-03-10,1322.909,1322.909,1322.909,1322.909
2018-03-11,1323.272,1324.219,1322.609,1323.078
2018-03-12,1323.069,1325.698,1315.048,1324.921
2018-03-13,1324.909,1328.268,1313.938,1326.349
2018-03-14,1326.328,1329.989,1321.458,1325.198
2018-03-15,1325.222,1327.892,1315,1315.809
2018-03-16,1315.799,1321.698,1309.619,1314.082
2018-03-17,1314.082,1314.082,1314.082,1314.082
2018-03-18,1313.138,1314.398,1312.778,1313.121
2018-03-19,1313.111,1319.592,1307.739,1317.028
2018-03-20,1317.028,1317.392,1307.171,1309.998
2018-03-21,1310.009,1336.582,1309.808,1332.001
2018-03-22,1332.008,1334.838,1324.761,1332.678
2018-03-23,1332.658,1350.218,1331.718,1346.981
2018-03-24,1346.981,1346.981,1346.981,1346.981
2018-03-25,1347.122,1350.872,1346.772,1348.278
2018-03-26,1348.278,1355.872,1343.439,1352.839
2018-03-27,1352.788,1356.788,1339.818,1345.402
2018-03-28,1345.402,1346.972,1323.5,1326.501
2018-03-29,1326.499,1328.269,1321.178,1325.071
2018-03-30,1325.071,1325.071,1325.071,1325.071
2018-03-31,1325.071,1325.071,1325.071,1325.071
2018-04-01,1325.742,1327.491,1324.811,1326.598
2018-04-02,1326.619,1344.792,1325.732,1341.562
2018-04-03,1341.561,1342.491,1329,1333.168
2018-04-04,1333.158,1348.218,1331.469,1333.442
2018-04-05,1333.439,1333.842,1322.737,1330.888
2018-04-06,1330.922,1335.361,1319.651,1332.991
2018-04-07,1332.991,1332.991,1332.991,1332.991
2018-04-08,1333.971,1334.818,1331.741,1332.471
2018-04-09,1332.471,1337.902,1326.811,1336.432
2018-04-10,1336.448,1342.578,1331.049,1341.769
2018-04-11,1341.758,1365.172,1339.721,1352.898
2018-04-12,1352.898,1353.151,1333.722,1337.738
2018-04-13,1337.729,1347.111,1333.178,1345.241
2018-04-14,1345.241,1345.241,1345.241,1345.241
2018-04-15,1345.941,1347.098,1340.102,1343.801
2018-04-16,1343.802,1350.439,1341.118,1348.068
2018-04-17,1348.058,1349.341,1337.648,1346.221
2018-04-18,1346.222,1355.652,1342.251,1350.541
2018-04-19,1350.572,1354.662,1340.909,1344.371
2018-04-20,1344.381,1345.679,1335,1335.142
2018-04-21,1335.142,1335.142,1335.142,1335.142
2018-04-22,1334.171,1335.322,1331.568,1332.888
2018-04-23,1332.888,1335.419,1322.078,1324.499
2018-04-24,1324.518,1332.631,1322,1331.618
2018-04-25,1331.609,1331.638,1318.721,1322.629
2018-04-26,1322.601,1326.521,1315.198,1317.929
2018-04-27,1317.928,1325.162,1315.258,1323.218
2018-04-28,1323.218,1323.218,1323.218,1323.218
2018-04-29,1322.909,1325.348,1322.228,1323.312
2018-04-30,1323.312,1324.891,1310.168,1315.069
2018-05-01,1315.089,1315.232,1301.678,1305.522
2018-05-02,1305.522,1313.361,1303.868,1305.838
2018-05-03,1305.838,1318.068,1305.428,1312.789
2018-05-04,1312.789,1315.411,1308,1314.811
2018-05-05,1314.811,1314.811,1314.811,1314.811
2018-05-06,1315.058,1315.309,1314.221,1314.659
2018-05-07,1314.659,1318.889,1310.198,1315.782
2018-05-08,1315.781,1317.762,1306.028,1316.329
2018-05-09,1316.329,1317.382,1304.201,1312.408
2018-05-10,1312.349,1322.831,1310.698,1321.101
2018-05-11,1321.061,1325.901,1317.202,1317.909
2018-05-12,1317.909,1317.909,1317.909,1317.909
2018-05-13,1318.291,1320.193,1317.772,1320.089
2018-05-14,1320.089,1322.311,1312.609,1313.748
2018-05-15,1313.768,1314.819,1288.662,1292.838
2018-05-16,1292.789,1296.829,1286.349,1291.739
2018-05-17,1291.658,1294.348,1285.081,1289.478
2018-05-18,1289.468,1294.151,1286.038,1292.868
2018-05-19,1292.868,1292.868,1292.868,1292.868
2018-05-20,1290.421,1291.962,1289.972,1291.142
2018-05-21,1291.009,1293.389,1282.029,1292.441
2018-05-22,1292.442,1296.121,1287.898,1293.451
2018-05-23,1293.441,1298.442,1287.879,1294.921
2018-05-24,1294.882,1306.581,1292.718,1304.341
2018-05-25,1304.341,1307.758,1299.809,1301.349
2018-05-26,1301.349,1301.349,1301.349,1301.349
2018-05-27,1299.588,1299.888,1296.248,1298.759
2018-05-28,1298.779,1300.282,1295.448,1297.989
2018-05-29,1297.991,1306.608,1292.738,1302.068
2018-05-30,1302.068,1304.338,1295.858,1302.519
2018-05-31,1302.498,1306.418,1297.391,1299.338
2018-06-01,1299.338,1300.521,1289.252,1292.811
2018-06-02,1292.811,1292.811,1292.811,1292.811
2018-06-03,1292.622,1294.491,1292.321,1292.718
2018-06-04,1292.689,1298.021,1290.3,1291.539
2018-06-05,1291.539,1300.472,1289.868,1296.901
2018-06-06,1296.891,1301.772,1293.739,1297.279
2018-06-07,1297.281,1303.099,1294.839,1297.211
2018-06-08,1297.162,1300.539,1293.252,1298.438
2018-06-09,1298.438,1298.438,1298.438,1298.438
2018-06-10,1299.778,1299.788,1298.211,1299.122
2018-06-11,1299.161,1302.209,1294.059,1298.138
2018-06-12,1298.118,1299.778,1293.218,1295.448
2018-06-13,1295.448,1301.191,1291.409,1299.319
2018-06-14,1299.411,1309.271,1297.488,1302.322
2018-06-15,1302.321,1302.968,1275.348,1279.558
2018-06-16,1279.558,1279.558,1279.558,1279.558
2018-06-17,1277.272,1281.239,1276.978,1280.909
2018-06-18,1280.909,1282.342,1277.009,1281.278
2018-06-19,1281.258,1284.028,1270.388,1274.949
2018-06-20,1274.931,1276.372,1267.331,1269.399
2018-06-21,1269.399,1270.079,1261.352,1267.281
2018-06-22,1267.282,1271.146,1266.688,1269.071
2018-06-23,1269.071,1269.071,1269.071,1269.071
2018-06-24,1270.001,1271.958,1269.329,1270.888
2018-06-25,1270.812,1272.551,1264.481,1265.988
2018-06-26,1265.988,1267.629,1254.788,1258.158
2018-06-27,1258.159,1260.048,1250.671,1252.891
2018-06-28,1252.891,1254.238,1245.918,1248.519
2018-06-29,1248.528,1255.569,1246.109,1252.529
2018-06-30,1252.529,1252.529,1252.529,1252.529
2018-07-01,1251.521,1254.178,1251.278,1253.299
2018-07-02,1253.308,1253.579,1239.638,1242.108
2018-07-03,1242.088,1256.822,1237.949,1254.979
2018-07-04,1254.949,1261.051,1254,1256.908
2018-07-05,1256.909,1259.699,1251.279,1257.291
2018-07-06,1257.301,1258.881,1252.778,1254.768
2018-07-07,1254.768,1254.768,1254.768,1254.768
2018-07-08,1255.348,1256.478,1254.728,1256.368
2018-07-09,1256.198,1265.868,1255.448,1258.349
2018-07-10,1258.332,1260.309,1247.299,1255.908
2018-07-11,1255.908,1256.048,1241.498,1242.668
2018-07-12,1242.668,1248.528,1241.258,1245.908
2018-07-13,1245.898,1248.058,1236.338,1241.439
2018-07-14,1241.439,1241.439,1241.439,1241.439
2018-07-15,1240.969,1242.128,1240.498,1241.108
2018-07-16,1241.109,1245.528,1238.288,1240.682
2018-07-17,1240.669,1244.939,1226.018,1227.149
2018-07-18,1227.149,1229.118,1221.058,1227.322
2018-07-19,1227.329,1228.998,1211.509,1223.438
2018-07-20,1223.428,1232.228,1215.659,1231.551
2018-07-21,1231.551,1231.551,1231.551,1231.551
2018-07-22,1231.371,1233.351,1230.329,1232.852
2018-07-23,1232.852,1235.082,1222.3,1224.199
2018-07-24,1224.189,1229.479,1218.101,1225.129
2018-07-25,1225.149,1234.182,1223.208,1233.049
2018-07-26,1233.058,1235.131,1222.289,1224.068
2018-07-27,1224.068,1227.312,1217.538,1222.679
2018-07-28,1222.679,1222.679,1222.679,1222.679
2018-07-29,1222.622,1223.839,1222.001,1222.449
2018-07-30,1222.449,1225.029,1219.008,1222.489
2018-07-31,1222.478,1228.519,1213.938,1223.888
2018-08-01,1223.898,1224.718,1215.618,1217.798
2018-08-02,1217.808,1221.268,1206.829,1208.368
2018-08-03,1208.358,1219.978,1204.5,1213.218
2018-08-04,1213.218,1213.218,1213.218,1213.218
2018-08-05,1213.532,1215.139,1213.299,1214.848
2018-08-06,1214.848,1217.828,1205.549,1208.699
2018-08-07,1208.709,1216.109,1207.759,1212.379
2018-08-08,1212.388,1215.801,1206.431,1213.241
2018-08-09,1213.242,1217.239,1210.749,1212.088
2018-08-10,1212.079,1217.072,1205.668,1210.988
2018-08-11,1210.988,1210.988,1210.988,1210.988
2018-08-12,1210.672,1213.818,1210.571,1212.351
2018-08-13,1212.319,1212.628,1191.619,1192.778
2018-08-14,1192.778,1198.679,1191.998,1193.868
2018-08-15,1193.869,1194.128,1173.071,1173.738
2018-08-16,1173.738,1181.992,1160.168,1175.298
2018-08-17,1175.309,1185.002,1171.838,1184.678
2018-08-18,1184.678,1184.678,1184.678,1184.678
2018-08-19,1183.329,1183.918,1182.778,1183.558
2018-08-20,1183.558,1191.278,1182.878,1191.161
2018-08-21,1191.142,1196.959,1187.638,1195.991
2018-08-22,1195.999,1201.558,1192.572,1195.038
2018-08-23,1195.038,1195.439,1183.859,1184.498
2018-08-24,1184.519,1208.512,1183.118,1205.592
2018-08-25,1205.592,1205.592,1205.592,1205.592
2018-08-26,1206.868,1207.909,1206.069,1207.719
2018-08-27,1207.709,1212.399,1203.111,1210.981
2018-08-28,1210.988,1214.239,1199.599,1202.638
2018-08-29,1202.628,1207.808,1201.408,1207.169
2018-08-30,1207.168,1207.198,1196.258,1199.858
2018-08-31,1199.849,1208.819,1198.229,1200.737
2018-09-01,1200.737,1200.737,1200.737,1200.737
2018-09-02,1200.138,1200.608,1198.721,1199.088
2018-09-03,1199.079,1203.808,1195.648,1200.741
2018-09-04,1200.728,1201.969,1189.569,1191.989
2018-09-05,1191.988,1198.331,1190.878,1197.068
2018-09-06,1197.079,1206.941,1195.778,1201.109
2018-09-07,1201.098,1203.481,1193.418,1195.629
2018-09-08,1195.629,1195.629,1195.629,1195.629
2018-09-09,1195.018,1196.608,1194.811,1196.119
2018-09-10,1196.089,1198.439,1191.498,1194.998
2018-09-11,1194.998,1199.368,1187.698,1196.988
2018-09-12,1196.998,1208.429,1192.658,1206.201
2018-09-13,1206.158,1212.609,1200.148,1202.098
2018-09-14,1202.118,1208.512,1192.878,1193.249
2018-09-15,1193.249,1193.249,1193.249,1193.249
2018-09-16,1193.971,1194.722,1192.998,1193.348
2018-09-17,1193.359,1204.779,1192.758,1198.379
2018-09-18,1198.388,1203.492,1195.838,1199.499
2018-09-19,1199.509,1206.169,1198.129,1203.931
2018-09-20,1203.931,1208.372,1201.269,1207.359
2018-09-21,1207.359,1211.012,1191.789,1199.468
2018-09-22,1199.468,1199.468,1199.468,1199.468
2018-09-23,1198.819,1199.168,1197.022,1197.938
2018-09-24,1197.922,1204.138,1194.399,1199.309
2018-09-25,1199.308,1203.269,1197.078,1201.208
2018-09-26,1201.208,1202.428,1190.478,1196.438
2018-09-27,1196.418,1198.509,1182,1183.539
2018-09-28,1183.548,1193.841,1180.718,1191.762
2018-09-29,1191.762,1191.762,1191.762,1191.762
2018-09-30,1192.309,1192.339,1190.652,1190.868
2018-10-01,1190.878,1192.038,1184.541,1188.989
2018-10-02,1188.989,1208.211,1188.739,1205.528
2018-10-03,1205.528,1208.278,1196.766,1197.908
2018-10-04,1197.908,1206.702,1195.968,1199.108
2018-10-05,1199.108,1205.759,1197.238,1202.691
2018-10-06,1202.691,1202.691,1202.691,1202.691
2018-10-07,1203.038,1203.978,1202.878,1203.748
2018-10-08,1203.759,1204.039,1182.542,1190.662
2018-10-09,1190.661,1191.838,1183.258,1189.848
2018-10-10,1189.848,1194.889,1185.308,1193.862
2018-10-11,1193.898,1226.282,1191.229,1221.238
2018-10-12,1221.259,1223.589,1215.798,1217.768
2018-10-13,1217.768,1217.768,1217.768,1217.768
2018-10-14,1217.529,1220.229,1216.808,1219.219
2018-10-15,1219.219,1233.238,1219.199,1226.769
2018-10-16,1226.768,1232.361,1223.401,1224.898
2018-10-17,1224.898,1229.451,1220.549,1222.179
2018-10-18,1222.179,1230.091,1218.638,1225.799
2018-10-19,1225.799,1230.752,1223.058,1225.981
2018-10-20,1225.981,1225.981,1225.981,1225.981
2018-10-21,1227.242,1228.072,1226.472,1227.278
2018-10-22,1227.278,1229.551,1220.011,1222.309
2018-10-23,1222.319,1239.712,1221.868,1230.909
2018-10-24,1230.909,1235.229,1225.579,1235.229
2018-10-25,1235.208,1239.171,1228.079,1231.691
2018-10-26,1231.691,1243.378,1230.008,1233.333
2018-10-27,1233.333,1233.333,1233.333,1233.333
2018-10-28,1233.547,1234.793,1232.723,1232.723
2018-10-29,1232.723,1235.383,1224.223,1229.984
2018-10-30,1229.984,1230.494,1219.85,1222.503
2018-10-31,1222.503,1222.803,1211.8,1215.97
2018-11-01,1216,1237.328,1215.79,1232.908
2018-11-02,1232.898,1236.348,1229.665,1232.625
2018-11-03,1232.625,1232.625,1232.625,1232.625
2018-11-04,1232.598,1234.118,1232.518,1234.025
2018-11-05,1234.025,1235.048,1226.798,1230.998
2018-11-06,1231.008,1235.868,1223.418,1227.818
2018-11-07,1227.868,1236.418,1222.945,1226.005
2018-11-08,1225.985,1226.888,1220.028,1222.998
2018-11-09,1222.998,1223.208,1206.635,1209.635
2018-11-10,1209.635,1209.635,1209.635,1209.635
2018-11-11,1208.925,1210.685,1208.895,1210.665
2018-11-12,1210.678,1211.395,1200.338,1202.255
2018-11-13,1202.258,1205.115,1196.195,1202.995
2018-11-14,1203.078,1216.458,1197.605,1210.918
2018-11-15,1210.905,1216.378,1207.528,1213.898
2018-11-16,1213.898,1225.218,1213.775,1221.085
2018-11-17,1221.085,1221.085,1221.085,1221.085
2018-11-18,1221.935,1222.638,1221.515,1222.468
2018-11-19,1222.458,1225.288,1217.955,1224.068
2018-11-20,1224.078,1228.698,1219.838,1221.585
2018-11-21,1221.585,1230.078,1219.695,1225.685
2018-11-22,1225.688,1229.015,1224.795,1227.335
2018-11-23,1227.335,1228.488,1220.258,1222.885
2018-11-24,1222.885,1222.885,1222.885,1222.885
2018-11-25,1223.298,1224.345,1223.225,1224.325
2018-11-26,1224.325,1227.958,1221.635,1222.595
2018-11-27,1222.605,1225.195,1211.835,1214.418
2018-11-28,1214.418,1226.648,1211.128,1220.975
2018-11-29,1220.985,1228.918,1220.628,1224.228
2018-11-30,1224.198,1225.475,1216.605,1222.025
2018-12-01,1222.025,1222.025,1222.025,1222.025
2018-12-02,1222.948,1223.398,1221.908,1222.008
2018-12-03,1222.008,1234.898,1221.205,1231.128
2018-12-04,1231.128,1241.878,1230.418,1238.685
2018-12-05,1238.675,1238.998,1233.245,1238.205
2018-12-06,1238.248,1244.248,1234.685,1237.335
2018-12-07,1237.335,1249.968,1237.245,1248.205
2018-12-08,1248.205,1248.205,1248.205,1248.205
2018-12-09,1249.675,1250.828,1248.775,1248.945
2018-12-10,1248.955,1250.258,1241.515,1244.065
2018-12-11,1244.055,1249.425,1240.958,1243.055
2018-12-12,1243.065,1247.178,1241.905,1246.088
2018-12-13,1246.088,1246.668,1240.048,1242.405
2018-12-14,1242.395,1242.948,1232.858,1238.115
2018-12-15,1238.115,1238.115,1238.115,1238.115
2018-12-16,1239.015,1239.055,1235.765,1237.025
2018-12-17,1237.025,1248.038,1235.725,1245.798
2018-12-18,1245.818,1250.348,1244.995,1249.418
2018-12-19,1249.408,1257.955,1241.605,1244.065
2018-12-20,1244.075,1266.398,1242.655,1261.905
2018-12-21,1261.925,1262.658,1254,1255.435
2018-12-22,1255.435,1255.435,1255.435,1255.435
2018-12-23,1257.348,1259.025,1256.848,1258.815
2018-12-24,1258.815,1269.955,1258.738,1268.935
2018-12-25,1268.765,1270.885,1267.005,1267.125
2018-12-26,1267.165,1279.018,1264.168,1269.065
2018-12-27,1269.065,1278.928,1266.588,1274.695
2018-12-28,1274.595,1282.068,1274.205,1280.555
2018-12-29,1280.555,1280.555,1280.555,1280.555
2018-12-30,1280.235,1280.655,1278.848,1279.708
2018-12-31,1279.685,1283.998,1277.365,1282.185
2019-01-01,1282.295,1282.345,1280.598,1281.118
2019-01-02,1281.118,1290.148,1278.625,1285.815
2019-01-03,1285.795,1295.218,1284.485,1295.118
2019-01-04,1295.135,1298.538,1276.565,1284.945
2019-01-05,1284.945,1284.945,1284.945,1284.945
2019-01-06,1285.048,1286.355,1284.045,1284.155
2019-01-07,1284.158,1294.998,1282.555,1288.815
2019-01-08,1288.825,1290.158,1279.315,1285.075
2019-01-09,1285.125,1293.848,1280,1292.878
2019-01-10,1292.848,1297.018,1286.035,1287.905
2019-01-11,1287.905,1295.088,1286.928,1287.175
2019-01-12,1287.175,1287.175,1287.175,1287.175
2019-01-13,1287.348,1288.545,1287.248,1288.065
2019-01-14,1288.055,1295.805,1287.888,1291.408
2019-01-15,1291.405,1294.685,1286.665,1289.565
2019-01-16,1289.565,1294.915,1287.805,1292.885
2019-01-17,1292.878,1295.318,1288.875,1292.235
2019-01-18,1292.245,1292.368,1280.555,1281.265
2019-01-19,1281.265,1281.265,1281.265,1281.265
2019-01-20,1281.455,1283.205,1281.455,1282.525
2019-01-21,1282.525,1283.465,1276.718,1279.615
2019-01-22,1279.615,1285.425,1277.365,1284.498
2019-01-23,1284.498,1286.438,1278.605,1283.695
2019-01-24,1283.685,1284.725,1276.585,1281.325
2019-01-25,1281.335,1303.525,1280,1302.935
2019-01-26,1302.935,1302.935,1302.935,1302.935
2019-01-27,1301.335,1302.505,1299.895,1299.965
2019-01-28,1299.965,1304.335,1297.615,1303.778
2019-01-29,1303.878,1311.948,1302.635,1310.645
2019-01-30,1310.668,1323.298,1308.945,1319.138
2019-01-31,1319.138,1326.248,1317.385,1320.995
2019-02-01,1320.995,1323.465,1316.085,1317.265
2019-02-02,1317.265,1317.265,1317.265,1317.265
2019-02-03,1317.925,1318.965,1316.465,1317.095
2019-02-04,1317.075,1317.455,1308.535,1311.678
2019-02-05,1311.675,1316.825,1310.625,1314.898
2019-02-06,1314.835,1315.765,1305.515,1306.565
2019-02-07,1306.525,1311.878,1302.705,1310.365
2019-02-08,1310.375,1315.568,1307.698,1313.945
2019-02-09,1313.945,1313.945,1313.945,1313.945
2019-02-10,1314.098,1314.098,1313.245,1313.598
2019-02-11,1313.598,1314.815,1303.595,1307.695
2019-02-12,1307.675,1314.668,1306.405,1310.205
2019-02-13,1310.205,1318.078,1304.975,1307.545
2019-02-14,1307.545,1314.308,1302.288,1311.875
2019-02-15,1311.875,1322.555,1311.328,1321.035
2019-02-16,1321.035,1321.035,1321.035,1321.035
2019-02-17,1320.882,1321.445,1320.405,1321.058
2019-02-18,1321.088,1327.545,1320.798,1326.368
2019-02-19,1326.368,1341.778,1322.778,1339.488
2019-02-20,1339.498,1346.655,1336.798,1340.555
2019-02-21,1340.545,1341.425,1320.858,1325.785
2019-02-22,1325.785,1333.038,1321.468,1327.885
2019-02-23,1327.885,1327.885,1327.885,1327.885
2019-02-24,1328.835,1329.025,1326.795,1327.665
2019-02-25,1327.665,1332.485,1325.115,1327.455
2019-02-26,1327.438,1330.128,1323.445,1329.185
2019-02-27,1329.185,1329.808,1316.815,1321.085
2019-02-28,1321.075,1327.228,1312.518,1314.138
2019-03-01,1314.155,1315.138,1290.098,1293.055
2019-03-02,1293.055,1293.055,1293.055,1293.055
2019-03-03,1292.705,1296.135,1292.705,1295.158
2019-03-04,1295.158,1296.995,1282.758,1287.025
2019-03-05,1287.025,1289.535,1281.128,1287.875
2019-03-06,1287.935,1290.885,1283.545,1287.095
2019-03-07,1287.095,1288.975,1280.485,1285.918
2019-03-08,1285.908,1300.708,1285.128,1298.055
2019-03-09,1298.055,1298.055,1298.055,1298.055
2019-03-10,1297.765,1297.955,1296.115,1296.535
2019-03-11,1297.215,1299.045,1290.395,1292.525
2019-03-12,1292.525,1302.148,1292.395,1301.888
2019-03-13,1301.888,1311.168,1301.655,1309.338
2019-03-14,1309.345,1309.735,1292.775,1296.065
2019-03-15,1296.065,1306.328,1293.928,1301.875
2019-03-16,1301.875,1301.875,1301.875,1301.875
2019-03-17,1301.855,1302.485,1300.535,1300.555
2019-03-18,1300.555,1306.668,1298.155,1303.418
2019-03-19,1303.408,1310.835,1303.365,1306.158
2019-03-20,1306.158,1316.938,1298.605,1315.365
2019-03-21,1315.365,1320.305,1303.205,1308.605
2019-03-22,1308.605,1314.898,1306.778,1313.075
2019-03-23,1313.075,1313.075,1313.075,1313.075
2019-03-24,1313.105,1313.935,1311.525,1311.525
2019-03-25,1311.538,1324.448,1310.958,1321.258
2019-03-26,1321.258,1322.118,1312.625,1316.358
2019-03-27,1316.348,1319.258,1308.065,1309.335
2019-03-28,1309.335,1312.245,1288.455,1291.495
2019-03-29,1291.495,1299.745,1286.668,1291.885
2019-03-30,1291.885,1291.885,1291.885,1291.885
2019-03-31,1292.025,1293.198,1291.418,1291.708
2019-04-01,1291.718,1296.955,1286.425,1287.328
2019-04-02,1287.315,1292.788,1285.145,1291.705
2019-04-03,1291.698,1294.488,1288.335,1291.755
2019-04-04,1291.755,1294.338,1280.848,1292.095
2019-04-05,1292.095,1293.148,1284.325,1291.185
2019-04-06,1291.185,1291.185,1291.185,1291.185
2019-04-07,1291.305,1293.628,1291.205,1291.675
2019-04-08,1291.728,1303.648,1291.575,1297.945
2019-04-09,1297.945,1306.138,1296.535,1304.585
2019-04-10,1304.585,1310.518,1300.858,1308.018
2019-04-11,1308.018,1308.325,1289.548,1292.135
2019-04-12,1292.135,1295.708,1290,1290.177
2019-04-13,1290.177,1290.177,1290.177,1290.177
2019-04-14,1291.075,1291.858,1289.245,1289.705
2019-04-15,1289.665,1290.338,1282.448,1288.325
2019-04-16,1288.325,1288.325,1272.905,1276.565
2019-04-17,1276.495,1279.688,1272.898,1274.155
2019-04-18,1274.155,1277.628,1271.105,1275.475
2019-04-19,1275.475,1275.475,1275.475,1275.475
2019-04-20,1275.475,1275.475,1275.475,1275.475
2019-04-21,1275.598,1277.125,1274.935,1276.705
2019-04-22,1276.728,1279.765,1273.725,1274.598
2019-04-23,1274.598,1276.428,1266.198,1271.355
2019-04-24,1271.365,1278.468,1268.698,1274.635
2019-04-25,1274.628,1282.528,1273.308,1278.558
2019-04-26,1278.558,1288.608,1273.725,1285.695
2019-04-27,1285.695,1285.695,1285.695,1285.695
2019-04-28,1286.275,1286.618,1285.628,1285.795
2019-04-29,1285.785,1286.568,1277.988,1280.325
2019-04-30,1280.318,1286.118,1279.835,1283.105
2019-05-01,1283.105,1287.188,1273,1277.018
2019-05-02,1277.018,1277.368,1266.195,1270.678
2019-05-03,1270.688,1282.468,1268.268,1278.775
2019-05-04,1278.775,1278.775,1278.775,1278.775
2019-05-05,1280.305,1285.728,1279.775,1284.148
2019-05-06,1284.158,1285.118,1276.935,1282.825
2019-05-07,1282.825,1286.015,1278.155,1284.778
2019-05-08,1284.778,1291.415,1279.275,1281.275
2019-05-09,1281.255,1288.138,1279.528,1283.698
2019-05-10,1283.685,1289.338,1283.068,1285.505
2019-05-11,1285.505,1285.505,1285.505,1285.505
2019-05-12,1287.485,1287.978,1286.455,1287.125
2019-05-13,1287.128,1301.685,1281.935,1301.685
2019-05-14,1301.685,1303.245,1293.665,1296.998
2019-05-15,1296.998,1300.848,1292.948,1296.448
2019-05-16,1296.435,1298.688,1284.035,1285.758
2019-05-17,1285.758,1288.868,1274.748,1277.485
2019-05-18,1277.485,1277.485,1277.485,1277.485
2019-05-19,1277.535,1278.808,1276.915,1277.655
2019-05-20,1277.655,1278.948,1273.608,1277.358
2019-05-21,1277.295,1277.328,1269.455,1274.578
2019-05-22,1274.625,1277.268,1272.415,1274.165
2019-05-23,1274.145,1287.218,1272.755,1284.075
2019-05-24,1284.055,1285.168,1280.695,1284.615
2019-05-25,1284.615,1284.615,1284.615,1284.615
2019-05-26,1284.655,1285.685,1284.118,1284.665
2019-05-27,1284.655,1287.318,1283.705,1285.685
2019-05-28,1285.685,1286.548,1276.055,1279.878
2019-05-29,1279.795,1285.465,1279.015,1279.805
2019-05-30,1279.805,1290.628,1274.948,1290.448
2019-05-31,1290.448,1306.878,1290.328,1305.295
2019-06-01,1305.295,1305.295,1305.295,1305.295
2019-06-02,1306.918,1309.388,1305.835,1309.365
2019-06-03,1309.365,1327.898,1308.428,1325.108
2019-06-04,1325.075,1329.005,1319.905,1325.285
2019-06-05,1325.295,1344.048,1325.265,1330.845
2019-06-06,1330.845,1339.748,1327.158,1333.388
2019-06-07,1333.388,1348.198,1330.205,1340.388
2019-06-08,1340.388,1340.388,1340.388,1340.388
2019-06-09,1336.848,1336.848,1333.265,1334.985
2019-06-10,1334.985,1337.658,1325.028,1329.218
2019-06-11,1329.228,1329.808,1319.815,1327.695
2019-06-12,1327.695,1338.348,1325.938,1333.518
2019-06-13,1333.518,1344.518,1332.325,1344.418
2019-06-14,1344.418,1358.088,1337.738,1340.888
2019-06-15,1340.888,1340.888,1340.888,1340.888
2019-06-16,1341.785,1342.348,1338.498,1338.508
2019-06-17,1338.508,1343.505,1332.915,1339.635
2019-06-18,1339.625,1354.605,1338.545,1345.395
2019-06-19,1345.388,1362.528,1341.195,1357.878
2019-06-20,1357.878,1393.928,1357.878,1390.748
2019-06-21,1390.748,1411.805,1382.5,1399.158
2019-06-22,1399.158,1399.158,1399.158,1399.158
2019-06-23,1400.075,1410.128,1399.648,1406.808
2019-06-24,1406.868,1426.027,1400.728,1425.195
2019-06-25,1425.215,1439.138,1411.808,1418.348
2019-06-26,1418.348,1420.488,1401.865,1410.648
2019-06-27,1410.648,1412.048,1398.548,1411.045
2019-06-28,1410.975,1424.568,1405.618,1409.485
2019-06-29,1409.485,1409.485,1409.485,1409.485
2019-06-30,1397.165,1397.698,1384,1391.988
2019-07-01,1391.965,1397.048,1381.715,1385.445
2019-07-02,1385.438,1435.998,1383.785,1431.225
2019-07-03,1431.245,1437.688,1411.975,1418.358
2019-07-04,1418.355,1424.128,1410.128,1420.858
2019-07-05,1420.848,1421.268,1386.518,1398.525
2019-07-06,1398.525,1398.525,1398.525,1398.525
2019-07-07,1398.975,1401.465,1392.638,1395.615
2019-07-08,1395.615,1407.508,1391.645,1394.235
2019-07-09,1394.238,1400.025,1385.658,1395.205
2019-07-10,1395.235,1422.435,1389.838,1421.945
2019-07-11,1421.945,1427.078,1400.738,1403.898
2019-07-12,1403.968,1416.818,1403.048,1415.145
2019-07-13,1415.145,1415.145,1415.145,1415.145
2019-07-14,1415.408,1419.698,1412.758,1416.158
2019-07-15,1416.208,1418.158,1407.655,1415.398
2019-07-16,1415.395,1416.235,1400.758,1405.138
2019-07-17,1405.128,1430.085,1400.018,1424.578
2019-07-18,1424.615,1452.888,1414.578,1442.865
2019-07-19,1442.865,1445.228,1420.098,1425.168
2019-07-20,1425.168,1425.168,1425.168,1425.168
2019-07-21,1427.598,1428.445,1423.515,1424.985
2019-07-22,1424.915,1429.955,1422.148,1423.625
2019-07-23,1423.645,1430.085,1414.138,1416.975
2019-07-24,1416.995,1429.445,1416.458,1425.215
2019-07-25,1425.225,1433.698,1410.968,1414.985
2019-07-26,1414.985,1424.768,1413.228,1417.948
2019-07-27,1417.948,1417.948,1417.948,1417.948
2019-07-28,1418.775,1420.808,1418.115,1420.065
2019-07-29,1420.068,1428.078,1414.718,1424.448
2019-07-30,1424.448,1433.165,1422.258,1430.735
2019-07-31,1430.758,1434.258,1408.895,1412.125
2019-08-01,1412.125,1449.025,1400.418,1438.098
2019-08-02,1438.088,1447.935,1430.225,1440.568
2019-08-03,1440.568,1440.568,1440.568,1440.568
2019-08-04,1439.898,1442.398,1436.648,1439.585
2019-08-05,1439.575,1474.658,1438.685,1473.905
2019-08-06,1473.915,1477.225,1456.315,1476.735
2019-08-07,1476.735,1510.278,1474.568,1501.625
2019-08-08,1501.648,1509.475,1489.948,1504.145
2019-08-09,1504.145,1508.008,1494.698,1496.948
2019-08-10,1496.948,1496.948,1496.948,1496.948
2019-08-11,1497.515,1501.445,1495,1500.705
2019-08-12,1500.695,1520.008,1487.258,1512.025
2019-08-13,1512.025,1534.948,1479.715,1500.785
2019-08-14,1500.755,1523.968,1494.085,1516.915
2019-08-15,1516.865,1527.055,1507.848,1526.528
2019-08-16,1526.498,1527.945,1503.635,1512.395
2019-08-17,1512.395,1512.395,1512.395,1512.395
2019-08-18,1512.398,1512.928,1507.898,1509.305
2019-08-19,1509.305,1512.685,1492.848,1496.035
2019-08-20,1496.045,1508.508,1494.325,1506.095
2019-08-21,1506.095,1507.398,1496.445,1502.538
2019-08-22,1502.548,1504.518,1492.425,1497.445
2019-08-23,1497.445,1530.188,1493.475,1526.598
2019-08-24,1526.598,1526.598,1526.598,1526.598
2019-08-25,1535.278,1555.048,1535.278,1547.248
2019-08-26,1547.248,1549.248,1524.955,1528.505
2019-08-27,1528.545,1544.608,1525.538,1543.485
2019-08-28,1543.458,1546.805,1531.848,1538.658
2019-08-29,1538.675,1550.315,1519.608,1528.665
2019-08-30,1528.645,1533.055,1517,1519.998
2019-08-31,1519.998,1519.998,1519.998,1519.998
2019-09-01,1528.325,1533.948,1527.475,1529.058
2019-09-02,1529.095,1531.145,1519.305,1526.215
2019-09-03,1526.205,1550.045,1521.455,1549.018
2019-09-04,1549.025,1556.958,1533.825,1551.188
2019-09-05,1551.188,1551.625,1506.115,1518.375
2019-09-06,1518.375,1527.798,1502.488,1506.398
2019-09-07,1506.398,1506.398,1506.398,1506.398
2019-09-08,1507.968,1507.968,1502.595,1505.795
2019-09-09,1505.765,1515.415,1495.595,1496.168
2019-09-10,1496.168,1500.948,1484.418,1486.925
2019-09-11,1486.985,1498.365,1486.765,1492.985
2019-09-12,1492.998,1524.118,1489.208,1497.805
2019-09-13,1497.815,1508.938,1485.735,1488.5
2019-09-14,1488.5,1488.5,1488.5,1488.5
2019-09-15,1506.838,1507.948,1498.608,1506.048
2019-09-16,1506.028,1512.065,1495.815,1497.978
2019-09-17,1497.985,1507.008,1493.408,1500.735
2019-09-18,1500.745,1511.558,1483.155,1491.095
2019-09-19,1491.085,1504.468,1488.908,1499.575
2019-09-20,1499.565,1516.978,1498.35,1516.598
2019-09-21,1516.598,1516.598,1516.598,1516.598
2019-09-22,1513.988,1514.405,1510.968,1514.345
2019-09-23,1514.345,1526.748,1511.485,1520.795
2019-09-24,1520.795,1535.638,1515.525,1531.628
2019-09-25,1531.675,1535.048,1500.375,1506.425
2019-09-26,1506.445,1512.235,1500.108,1506.715
2019-09-27,1506.725,1507.308,1486.768,1496.498
2019-09-28,1496.498,1496.498,1496.498,1496.498
2019-09-29,1494.568,1500.465,1494.465,1496.165
2019-09-30,1496.165,1497.195,1464.445,1473.555
2019-10-01,1473.565,1487.138,1459.008,1481.579
2019-10-02,1481.579,1505.048,1474.455,1499.975
2019-10-03,1499.975,1519.488,1495.725,1508.198
2019-10-04,1508.298,1515.658,1495.927,1504.298
2019-10-05,1504.298,1504.298,1504.298,1504.298
2019-10-06,1511.868,1512.215,1505.315,1508.025
2019-10-07,1508.018,1509.235,1487.958,1492.015
2019-10-08,1492.015,1509.618,1486.845,1508.675
2019-10-09,1508.688,1516.948,1499.768,1511.478
2019-10-10,1511.598,1513.985,1490.968,1493.975
2019-10-11,1494.005,1503.115,1473.925,1488.598
2019-10-12,1488.598,1488.598,1488.598,1488.598
2019-10-13,1488.128,1488.665,1482.728,1484.535
2019-10-14,1484.555,1497.068,1483.705,1491.185
2019-10-15,1491.195,1498.388,1477.098,1481.875
2019-10-16,1481.895,1491.478,1476.995,1490.005
2019-10-17,1490.025,1497.308,1483.385,1492.795
2019-10-18,1492.795,1493.388,1484.825,1489.598
2019-10-19,1489.598,1489.598,1489.598,1489.598
2019-10-20,1491.338,1492.185,1490.428,1491.498
2019-10-21,1491.545,1495.208,1481.405,1484.065
2019-10-22,1484.075,1489.258,1480.768,1488.758
2019-10-23,1488.758,1496.268,1487.698,1492.045
2019-10-24,1492.095,1503.948,1487.915,1502.679
2019-10-25,1502.685,1517.948,1500.558,1504.198
2019-10-26,1504.198,1504.198,1504.198,1504.198
2019-10-27,1504.508,1504.508,1502,1503.925
2019-10-28,1503.925,1508.155,1489.948,1491.655
2019-10-29,1491.725,1494.715,1483.398,1487.225
2019-10-30,1487.255,1496.598,1481.048,1495.188
2019-10-31,1495.225,1514.148,1493.895,1512.218
2019-11-01,1512.318,1515.938,1503.218,1513.998
2019-11-02,1513.998,1513.998,1513.998,1513.998
2019-11-03,1513.908,1513.908,1511.882,1512.86
2019-11-04,1512.86,1514.758,1504.395,1506.645
2019-11-05,1506.665,1507.755,1479.275,1484.375
2019-11-06,1484.375,1494.118,1483,1490.208
2019-11-07,1490.208,1492.148,1460.498,1468.625
2019-11-08,1468.605,1472.868,1456.118,1458.485
2019-11-09,1458.485,1458.485,1458.485,1458.485
2019-11-10,1459.278,1461.065,1458.658,1460.995
2019-11-11,1461.008,1466.375,1448.155,1455.558
2019-11-12,1455.558,1460.335,1445.545,1458.288
2019-11-13,1458.288,1466.995,1457.108,1463.498
2019-11-14,1463.498,1474.535,1461.038,1469.198
2019-11-15,1469.228,1469.718,1462.355,1467.885
2019-11-16,1467.885,1467.885,1467.885,1467.885
2019-11-17,1467.158,1469.548,1467.158,1469.028
2019-11-18,1469.028,1473.935,1456.285,1471.688
2019-11-19,1471.655,1475.328,1464.898,1474.495
2019-11-20,1474.468,1478.728,1465.838,1474.375
2019-11-21,1474.395,1475.575,1462.275,1465.048
2019-11-22,1465.048,1473.188,1461.295,1461.785
2019-11-23,1461.785,1461.785,1461.785,1461.785
2019-11-24,1460.218,1461.085,1459.585,1460.415
2019-11-25,1460.435,1462.085,1453.555,1453.875
2019-11-26,1453.845,1462.848,1450,1460.428
2019-11-27,1460.448,1461.168,1452.535,1456.805
2019-11-28,1456.805,1458.208,1454.195,1455.955
2019-11-29,1456.008,1466.528,1453.115,1463.448
2019-11-30,1463.448,1463.448,1463.448,1463.448
2019-12-01,1464.048,1464.078,1461.518,1461.745
2019-12-02,1461.765,1465.268,1453.885,1462.585
2019-12-03,1462.648,1481.718,1459.768,1476.565
2019-12-04,1476.565,1483.988,1471.365,1475.515
2019-12-05,1475.545,1480.308,1472.855,1475.915
2019-12-06,1475.878,1479.788,1458.635,1459.785
2019-12-07,1459.785,1459.785,1459.785,1459.785
2019-12-08,1459.418,1459.955,1458.548,1459.895
2019-12-09,1459.965,1465.318,1459.015,1461.055
2019-12-10,1461.055,1469.128,1459.965,1463.795
2019-12-11,1463.815,1478.848,1462.598,1474.458
2019-12-12,1474.465,1486.708,1461.648,1465.025
2019-12-13,1465.115,1477.968,1464.708,1475.455
2019-12-14,1475.455,1475.455,1475.455,1475.455
2019-12-15,1475.098,1476.238,1473.708,1474.038
2019-12-16,1474.048,1479.848,1473.108,1475.295
2019-12-17,1475.348,1480.488,1474.135,1475.555
2019-12-18,1475.575,1479.248,1470.405,1475.698
2019-12-19,1475.698,1481.668,1473.205,1478.385
2019-12-20,1478.385,1480.908,1475.768,1477.785
2019-12-21,1477.785,1477.785,1477.785,1477.785
2019-12-22,1478.128,1478.578,1477.425,1478.435
2019-12-23,1478.455,1486.058,1478.308,1485.418
2019-12-24,1485.418,1500.465,1484.298,1498.445
2019-12-25,1499.358,1499.758,1497.215,1499.355
2019-12-26,1499.435,1512.548,1497.695,1511.135
2019-12-27,1511.165,1515.268,1507.288,1510.775
2019-12-28,1510.775,1510.775,1510.775,1510.775
2019-12-29,1511.458,1513.955,1510.998,1513.465
2019-12-30,1513.428,1516.048,1510.715,1514.825
2019-12-31,1514.818,1525.235,1514.755,1516.915
2020-01-01,1518.768,1521.068,1518.075,1518.285
2020-01-02,1518.305,1531.328,1517.115,1528.728
2020-01-03,1528.728,1553.515,1528.728,1551.515
2020-01-04,1551.515,1551.515,1551.515,1551.515
2020-01-05,1559.735,1585.625,1559.735,1569.145
2020-01-06,1569.145,1579.965,1560.755,1563.678
2020-01-07,1563.695,1598.348,1555.248,1594.955
2020-01-08,1594.935,1611.325,1552.178,1557.985
2020-01-09,1557.958,1561.285,1540.105,1552.645
2020-01-10,1552.665,1563.008,1545.665,1561.785
2020-01-11,1561.785,1561.785,1561.785,1561.785
2020-01-12,1561.318,1561.318,1557.915,1559.128
2020-01-13,1559.135,1559.955,1544.858,1545.175
2020-01-14,1545.175,1549.965,1535.828,1549.495
2020-01-15,1549.475,1558.148,1546.288,1556.245
2020-01-16,1556.245,1558.035,1547.975,1552.185
2020-01-17,1552.185,1561.155,1549.295,1556.945
2020-01-18,1556.945,1556.945,1556.945,1556.945
2020-01-19,1557.128,1559.015,1556.268,1556.955
2020-01-20,1556.955,1562.705,1556.565,1561.155
2020-01-21,1561.185,1568.508,1546.238,1556.525
2020-01-22,1556.545,1563.675,1550.3,1561.365
2020-01-23,1561.365,1567.848,1551.798,1560.885
2020-01-24,1560.865,1575.785,1556.455,1571.455
2020-01-25,1571.455,1571.455,1571.455,1571.455
2020-01-26,1579.248,1588.345,1579.248,1582.665
2020-01-27,1582.655,1586.198,1575.798,1581.055
2020-01-28,1581.065,1582.965,1565.388,1568.385
2020-01-29,1568.365,1577.948,1563.335,1576.995
2020-01-30,1576.995,1585.888,1572.155,1575.085
2020-01-31,1575.105,1590.528,1570.905,1589.325
2020-02-01,1589.325,1589.325,1589.325,1589.325
2020-02-02,1593.388,1593.488,1587.525,1589.345
2020-02-03,1589.395,1590.015,1569.188,1578.725
2020-02-04,1578.685,1579.545,1548.965,1554.018
2020-02-05,1554.028,1562.368,1547.425,1556.005
2020-02-06,1556.055,1568.178,1552.385,1565.745
2020-02-07,1565.765,1574.008,1559.875,1570.198
2020-02-08,1570.198,1570.198,1570.198,1570.198
2020-02-09,1571.248,1576.578,1568.898,1574.745
2020-02-10,1574.745,1576.928,1567.905,1571.895
2020-02-11,1571.898,1573.978,1561.925,1567.045
2020-02-12,1566.988,1571.325,1561.728,1569.718
2020-02-13,1569.708,1578.248,1569.018,1577.248
2020-02-14,1577.145,1584.948,1572.975,1583.648
2020-02-15,1583.648,1583.648,1583.648,1583.648
2020-02-16,1581.858,1583.068,1580.325,1582.878
2020-02-17,1582.968,1585.415,1578.798,1584.205
2020-02-18,1584.165,1605.018,1584.155,1600.805
2020-02-19,1600.815,1612.888,1599.455,1610.295
2020-02-20,1610.335,1623.658,1603.785,1622.035
2020-02-21,1622.085,1649.165,1618.895,1643.148
2020-02-22,1643.148,1643.148,1643.148,1643.148
2020-02-23,1654.598,1680.605,1651.748,1665.465
2020-02-24,1665.475,1689.255,1650.838,1653.825
2020-02-25,1653.805,1658.695,1624.898,1639.778
2020-02-26,1639.755,1654.895,1624.785,1643.508
2020-02-27,1643.508,1660.368,1635.145,1645.665
2020-02-28,1645.628,1648.118,1562.848,1585.435
2020-02-29,1585.435,1585.435,1585.435,1585.435
2020-03-01,1591.378,1592.958,1575.315,1584.795
2020-03-02,1584.805,1610.958,1581.515,1591.895
2020-03-03,1591.895,1652.548,1589.658,1645.748
2020-03-04,1645.798,1649.265,1631.798,1636.535
2020-03-05,1636.508,1674.838,1635.518,1674.498
2020-03-06,1674.518,1692.088,1642.128,1673.548
2020-03-07,1673.548,1673.548,1673.548,1673.548
2020-03-08,1694.895,1703.318,1678.725,1700.078
2020-03-09,1700.048,1702.968,1657.308,1666.415
2020-03-10,1666.415,1671.365,1641.495,1652.265
2020-03-11,1652.245,1671.158,1632.935,1643.655
2020-03-12,1643.645,1649.965,1560.508,1576.618
2020-03-13,1576.628,1597.825,1504.398,1529.348
2020-03-14,1529.348,1529.348,1529.348,1529.348
2020-03-15,1567.348,1575.305,1539.395,1557.458
2020-03-16,1557.908,1560.718,1451.148,1507.195
2020-03-17,1507.155,1553.808,1465.468,1537.568
2020-03-18,1537.558,1539.828,1472.625,1497.888
2020-03-19,1498.058,1498.638,1454.898,1471.258
2020-03-20,1471.228,1516.045,1470.668,1498.698
2020-03-21,1498.698,1498.698,1498.698,1498.698
2020-03-22,1503.768,1508.148,1482.258,1491.375
2020-03-23,1491.395,1567.398,1484.978,1566.815
2020-03-24,1566.815,1639.18,1557.015,1630.105
2020-03-25,1630.105,1631.705,1594.682,1610.148
2020-03-26,1610.098,1645.052,1595.301,1625.748
2020-03-27,1625.748,1631.098,1612.838,1626.148
2020-03-28,1626.148,1626.148,1626.148,1626.148
2020-03-29,1639.458,1639.458,1610.098,1626.398
2020-03-30,1626.348,1628.798,1610.825,1616.068
2020-03-31,1616.158,1619.448,1567.468,1578.638
2020-04-01,1578.538,1599.988,1571.765,1591.008
2020-04-02,1591.028,1619.94,1582.818,1612.475
2020-04-03,1612.495,1625.498,1605.625,1617.048
2020-04-04,1617.048,1617.048,1617.048,1617.048
2020-04-05,1615.578,1621.238,1609,1619.158
2020-04-06,1619.228,1674.828,1615.198,1661
2020-04-07,1661,1668.598,1642.128,1647.348
2020-04-08,1647.348,1656.288,1640.398,1647.068
2020-04-09,1647.008,1689.948,1645.695,1682.148
2020-04-10,1682.148,1682.148,1682.148,1682.148
2020-04-11,1682.148,1682.148,1682.148,1682.148
2020-04-12,1686.218,1691.448,1675,1685.768
2020-04-13,1685.718,1722.548,1678.848,1717.008
2020-04-14,1717.028,1747.625,1708.735,1725.078
2020-04-15,1725.038,1730.998,1707.518,1715.478
2020-04-16,1715.498,1738.648,1701.58,1715.348
2020-04-17,1715.568,1718.528,1679.125,1681.998
2020-04-18,1681.998,1681.998,1681.998,1681.998
2020-04-19,1679.878,1683.618,1673.905,1675.348
2020-04-20,1675.448,1702.138,1671.598,1690.868
2020-04-21,1690.868,1697.796,1659.298,1687.421
2020-04-22,1687.37,1718.555,1679.908,1711.558
2020-04-23,1711.638,1738.558,1707.328,1728.238
2020-04-24,1728.248,1736.208,1710.508,1727.698
2020-04-25,1727.698,1727.698,1727.698,1727.698
2020-04-26,1726.388,1727.248,1718.945,1724.948
2020-04-27,1724.948,1727.225,1705.995,1709.408
2020-04-28,1709.468,1714.568,1691.678,1704.775
2020-04-29,1704.785,1717.398,1697.805,1713.475
2020-04-30,1713.465,1721.598,1681.068,1687.855
2020-05-01,1687.865,1705.068,1670.418,1698.818
2020-05-02,1698.818,1698.818,1698.818,1698.818
2020-05-03,1697.878,1701.288,1691.328,1699.345
2020-05-04,1699.345,1713.228,1695.145,1703.515
2020-05-05,1703.505,1711.568,1689.788,1703.598
2020-05-06,1703.688,1708.071,1681.308,1689.655
2020-05-07,1689.645,1721.888,1684.178,1714.118
2020-05-08,1714.198,1723.148,1700.545,1701.408
2020-05-09,1701.408,1701.408,1701.408,1701.408
2020-05-10,1701.558,1707.711,1700.118,1706.205
2020-05-11,1706.205,1712.058,1691.825,1697.775
2020-05-12,1697.558,1710.698,1693.605,1702.465
2020-05-13,1702.475,1719.568,1699.348,1718.238
2020-05-14,1718.315,1736.348,1710.828,1732.688
2020-05-15,1732.655,1751.398,1728.428,1741.628
2020-05-16,1741.628,1741.628,1741.628,1741.628
2020-05-17,1734.868,1760.078,1734.868,1758.078
2020-05-18,1758.078,1765.018,1727.458,1734.645
2020-05-19,1734.635,1747.818,1726.205,1745.998
2020-05-20,1745.998,1753.735,1742.528,1747.425
2020-05-21,1747.405,1747.415,1717.155,1725.868
2020-05-22,1725.868,1739.955,1724.278,1733.648
2020-05-23,1733.648,1733.648,1733.648,1733.648
2020-05-24,1731.308,1734.318,1729.925,1730.508
2020-05-25,1730.558,1733.115,1721.168,1726.668
2020-05-26,1726.598,1735.325,1708.218,1712.788
2020-05-27,1712.718,1715.895,1693.598,1710.938
2020-05-28,1710.938,1727.428,1708.925,1721.725
2020-05-29,1721.665,1737.773,1712.428,1728.695
2020-05-30,1728.695,1728.695,1728.695,1728.695
2020-05-31,1735.808,1742.688,1728.955,1739.705
2020-06-01,1739.715,1744.525,1727.553,1741.638
2020-06-02,1741.678,1745.008,1721.215,1726.455
2020-06-03,1726.455,1729.458,1689.245,1700.448
2020-06-04,1700.448,1721.863,1697.448,1712.218
2020-06-05,1712.258,1715.988,1670.745,1684.758
2020-06-06,1684.758,1684.758,1684.758,1684.758
2020-06-07,1674.868,1684.928,1674.868,1681.235
2020-06-08,1681.255,1700.618,1680.498,1697.188
2020-06-09,1697.208,1720.668,1692.025,1713.195
2020-06-10,1713.185,1739.798,1707.695,1735.425
2020-06-11,1735.475,1744.575,1721.445,1726.705
2020-06-12,1726.685,1742.948,1722.135,1729.728
2020-06-13,1729.728,1729.728,1729.728,1729.728
2020-06-14,1730.258,1735.258,1727.488,1732.628
2020-06-15,1732.628,1734.038,1704.025,1724.028
2020-06-16,1724.088,1732.748,1716.535,1726.415
2020-06-17,1726.405,1730.165,1712.548,1727.515
2020-06-18,1727.455,1737.438,1717.435,1723.178
2020-06-19,1723.178,1745.168,1722.175,1743.268
2020-06-20,1743.268,1743.268,1743.268,1743.268
2020-06-21,1750.178,1750.478,1743.618,1749.025
2020-06-22,1749.015,1763.058,1742.598,1755.358
2020-06-23,1755.358,1770.998,1747.295,1768.545
2020-06-24,1768.445,1779.388,1753.548,1761.915
2020-06-25,1761.915,1768.785,1755.258,1765.748
2020-06-26,1765.768,1771.948,1747.368,1770.898
2020-06-27,1770.898,1770.898,1770.898,1770.898
2020-06-28,1774.918,1775.748,1769.308,1771.208
2020-06-29,1771.208,1774.905,1765.538,1773.008
2020-06-30,1773.008,1785.85,1764.425,1782.808
2020-07-01,1782.808,1789.008,1758.948,1768.108
2020-07-02,1768.108,1779.425,1757.438,1775.518
2020-07-03,1775.478,1777.008,1772.588,1774.818
2020-07-04,1774.818,1774.818,1774.818,1774.818
2020-07-05,1773.368,1776.148,1773.2,1775.258
2020-07-06,1775.255,1786.918,1769.818,1785.748
2020-07-07,1785.698,1797.358,1773.398,1794.285
2020-07-08,1794.285,1817.848,1791.448,1809.035
2020-07-09,1809.035,1815.855,1795.258,1803.748
2020-07-10,1803.748,1810.496,1793.935,1798.088
2020-07-11,1798.088,1798.088,1798.088,1798.088
2020-07-12,1799.188,1801.278,1797.708,1799.928
2020-07-13,1799.908,1813.198,1799.728,1802.208
2020-07-14,1802.215,1810.788,1790.418,1809.178
2020-07-15,1809.178,1814.916,1802.228,1812.938
2020-07-16,1812.968,1813.138,1794.788,1798.148
2020-07-17,1798.148,1811.878,1795.608,1809.248
2020-07-18,1809.248,1809.248,1809.248,1809.248
2020-07-19,1808.838,1810.508,1806.998,1808.778
2020-07-20,1808.808,1820.438,1805.565,1817.808
2020-07-21,1817.868,1847.538,1815.668,1843.058
2020-07-22,1843.088,1874.158,1842.548,1869.935
2020-07-23,1869.925,1898.228,1863.909,1885.708
2020-07-24,1885.618,1906.458,1881.265,1901.098
2020-07-25,1901.098,1901.098,1901.098,1901.098
2020-07-26,1901.988,1914.948,1899.638,1913.535
2020-07-27,1913.515,1967.178,1912.325,1964.915
2020-07-28,1964.865,1980.98,1906.645,1955.958
2020-07-29,1955.958,1980.798,1941.328,1966.398
2020-07-30,1966.398,1970.538,1939.245,1956.795
2020-07-31,1956.775,1984.218,1955.765,1975.568
2020-08-01,1975.568,1975.568,1975.568,1975.568
2020-08-02,1978.898,1989.148,1976.908,1981.855
2020-08-03,1981.825,1982.225,1960.378,1975.138
2020-08-04,1975.118,2030.815,1966.725,2030.815
2020-08-05,2030.785,2055.648,2009.338,2036.348
2020-08-06,2036.308,2074.798,2034.385,2069.178
2020-08-07,2069.188,2072.618,2015.385,2034.298
2020-08-08,2034.298,2034.298,2034.298,2034.298
2020-08-09,2033.708,2037.138,2018.638,2027.035
2020-08-10,2027.025,2049.748,2019.205,2028.108
2020-08-11,2028.088,2028.088,1901.188,1908.985
2020-08-12,1908.975,1949.548,1862.318,1921.738
2020-08-13,1921.738,1966.165,1919.905,1957.265
2020-08-14,1957.255,1961.408,1932.025,1943.998
2020-08-15,1943.998,1943.998,1943.998,1943.998
2020-08-16,1948.718,1951.245,1931.855,1932.435
2020-08-17,1932.415,1990.478,1929.348,1983.725
2020-08-18,1983.705,2015.498,1975.898,2005.155
2020-08-19,2005.155,2005.875,1924.528,1927.568
2020-08-20,1927.568,1955.125,1924.688,1952.628
2020-08-21,1952.565,1955.765,1911.238,1939.618
2020-08-22,1939.618,1939.618,1939.618,1939.618
2020-08-23,1939.868,1941.338,1929.808,1935.025
2020-08-24,1935.025,1961.788,1923.608,1929.585
2020-08-25,1929.565,1937.425,1914.105,1929.565
2020-08-26,1929.455,1954.918,1902.678,1953.278
2020-08-27,1953.298,1976.578,1909.778,1927.868
2020-08-28,1927.758,1973.718,1923.288,1964.428
2020-08-29,1964.428,1964.428,1964.428,1964.428
2020-08-30,1965.378,1976.465,1964.898,1972.985
2020-08-31,1972.975,1976.368,1954.125,1967.758
2020-09-01,1967.758,1992.298,1963.115,1972.468
2020-09-02,1972.448,1973.118,1932.428,1944.568
2020-09-03,1944.565,1950.905,1921.658,1927.855
2020-09-04,1927.845,1947.655,1916.198,1933.298
2020-09-05,1933.298,1933.298,1933.298,1933.298
2020-09-06,1929.788,1937.498,1929.788,1934.215
2020-09-07,1934.215,1941.268,1924.288,1930.468
2020-09-08,1930.468,1940.748,1906.428,1930.108
2020-09-09,1930.118,1950.775,1919.935,1947.288
2020-09-10,1947.238,1966.398,1941.315,1943.808
2020-09-11,1943.858,1954.658,1937.008,1938.928
2020-09-12,1938.928,1938.928,1938.928,1938.928
2020-09-13,1940.548,1943.128,1937.018,1942.735
2020-09-14,1942.715,1962.385,1939.728,1957.118
2020-09-15,1957.098,1972.028,1948.278,1953.835
2020-09-16,1953.835,1973.468,1949.798,1959.698
2020-09-17,1959.678,1960.008,1932.745,1947.018
2020-09-18,1947.018,1959.898,1944.985,1949.718
2020-09-19,1949.718,1949.718,1949.718,1949.718
2020-09-20,1949.588,1951.448,1942.388,1948.348
2020-09-21,1948.258,1955.458,1882.375,1917.018
2020-09-22,1916.995,1919.888,1894.458,1904.138
2020-09-23,1904.148,1905.208,1853.448,1854.818
2020-09-24,1854.698,1876.988,1848.635,1867.715
2020-09-25,1867.745,1875.075,1852.298,1860.998
2020-09-26,1860.998,1860.998,1860.998,1860.998
2020-09-27,1859.448,1865.898,1859.448,1862.448
2020-09-28,1862.438,1883.648,1848.455,1882.448
2020-09-29,1882.448,1899.235,1875.308,1896.668
2020-09-30,1896.638,1902.115,1881.238,1887.528
2020-10-01,1887.515,1912.028,1884.555,1903.188
2020-10-02,1903.065,1916.975,1889.638,1898.868
2020-10-03,1898.868,1898.868,1898.868,1898.868
2020-10-04,1903.828,1904.158,1897.888,1902.915
2020-10-05,1902.885,1918.575,1886.898,1912.745
2020-10-06,1912.725,1921.018,1874.558,1879.945
2020-10-07,1880.065,1897.898,1872.748,1886.868
2020-10-08,1886.858,1900.498,1881.938,1895.238
2020-10-09,1895.238,1930.325,1894.908,1929.618
2020-10-10,1929.618,1929.618,1929.618,1929.618
2020-10-11,1928.788,1933.048,1926.038,1928.998
2020-10-12,1928.998,1931.788,1918.158,1925.015
2020-10-13,1924.995,1924.998,1886.308,1893.325
2020-10-14,1893.325,1912.828,1882.395,1898.205
2020-10-15,1898.205,1908.808,1889.438,1906.308
2020-10-16,1906.298,1913.808,1897.658,1898.968
2020-10-17,1898.968,1898.968,1898.968,1898.968
2020-10-18,1899.668,1902.838,1898.498,1900.688
2020-10-19,1900.698,1918.338,1896.878,1902.925
2020-10-20,1902.925,1913.985,1894.618,1910.678
2020-10-21,1910.588,1931.298,1910.065,1921.258
2020-10-22,1921.238,1922.118,1894.208,1904.918
2020-10-23,1904.918,1914.108,1894.198,1901.258
2020-10-24,1901.258,1901.258,1901.258,1901.258
2020-10-25,1903.298,1903.708,1891.135,1898.415
2020-10-26,1898.405,1908.458,1894.785,1902.148
2020-10-27,1902.148,1911.348,1897.718,1905.165
2020-10-28,1905.165,1910.768,1869.208,1879.515
2020-10-29,1879.495,1884.858,1859.868,1868.345
2020-10-30,1868.345,1889.698,1864.258,1878.438
2020-10-31,1878.438,1878.438,1878.438,1878.438
2020-11-01,1876.928,1879.878,1875.195,1877.025
2020-11-02,1877.025,1896.058,1873.308,1894.728
2020-11-03,1894.728,1916.068,1886.835,1914.355
2020-11-04,1914.288,1916.228,1880.635,1904.715
2020-11-05,1904.678,1952.648,1902.358,1946.058
2020-11-06,1946.068,1960.198,1935.468,1950.298
2020-11-07,1950.298,1950.298,1950.298,1950.298
2020-11-08,1954.688,1959.838,1953.318,1958.475
2020-11-09,1958.465,1965.415,1850.398,1870.718
2020-11-10,1870.728,1890.238,1867.335,1876.498
2020-11-11,1876.548,1884.378,1856.208,1865.458
2020-11-12,1865.468,1883.698,1862.588,1875.668
2020-11-13,1875.658,1896.658,1873.978,1888.288
2020-11-14,1888.288,1888.288,1888.288,1888.288
2020-11-15,1888.138,1891.485,1886.628,1890.395
2020-11-16,1890.375,1898.928,1864.498,1889.748
2020-11-17,1889.738,1893.325,1876.735,1882.535
2020-11-18,1882.515,1884.718,1863.508,1871.245
2020-11-19,1871.235,1872.778,1852.568,1862.995
2020-11-20,1863.035,1879.618,1861,1870.318
2020-11-21,1870.318,1870.318,1870.318,1870.318
2020-11-22,1869.943,1872.048,1868.528,1871.998
2020-11-23,1871.958,1876.038,1830.778,1835.465
2020-11-24,1835.605,1836.188,1799.988,1809.058
2020-11-25,1809.008,1817.578,1801.495,1808.188
2020-11-26,1808.288,1818.088,1805.634,1809.148
2020-11-27,1809.148,1813.778,1774.218,1786.648
2020-11-28,1786.648,1786.648,1786.648,1786.648
2020-11-29,1787.208,1789.808,1785.308,1786.618
2020-11-30,1786.58,1787.448,1764.245,1778.725
2020-12-01,1778.695,1817.178,1776.75,1811.145
2020-12-02,1811.095,1832.338,1807.405,1830.485
2020-12-03,1830.458,1843.808,1823.648,1839.718
2020-12-04,1839.718,1848.088,1828.988,1838.208
2020-12-05,1838.208,1838.208,1838.208,1838.208
2020-12-06,1838.528,1838.848,1832.948,1835.344
2020-12-07,1835.344,1868.448,1821.808,1863.895
2020-12-08,1863.875,1875.168,1860.148,1869.995
2020-12-09,1869.995,1870.428,1825.363,1834.258
2020-12-10,1834.158,1849.958,1828.528,1836.528
2020-12-11,1836.568,1847.648,1823.843,1838.998
2020-12-12,1838.998,1838.998,1838.998,1838.998
2020-12-13,1840.698,1841.288,1834.778,1837.898
2020-12-14,1837.898,1838.918,1818.268,1827.268
2020-12-15,1827.268,1855.242,1825.348,1852.255
2020-12-16,1852.285,1865.658,1844.663,1864.395
2020-12-17,1864.328,1896.118,1861.898,1883.545
2020-12-18,1883.545,1889.538,1877.275,1880.838
2020-12-19,1880.838,1880.838,1880.838,1880.838
2020-12-20,1883.818,1884.938,1881.128,1882.975
2020-12-21,1882.955,1906.638,1854.955,1878.975
2020-12-22,1878.955,1884.238,1858.845,1864.145
2020-12-23,1864.185,1878.348,1856.938,1872.528
2020-12-24,1872.528,1883.465,1869.378,1879.125
2020-12-25,1879.125,1879.125,1879.125,1879.125
2020-12-26,1879.125,1879.125,1879.125,1879.125
2020-12-27,1882.921,1889.208,1882.348,1888.098
2020-12-28,1888.088,1900.098,1869.018,1876.605
2020-12-29,1876.605,1886.278,1871.595,1878.658
2020-12-30,1878.638,1895.285,1875.965,1894.978
2020-12-31,1895.078,1900.88,1885.308,1897.765
2021-01-01,1897.765,1897.765,1897.765,1897.765
2021-01-02,1897.765,1897.765,1897.765,1897.765
2021-01-03,1904.998,1914.858,1903.288,1913.035
2021-01-04,1913.025,1945.495,1909.858,1941.668
2021-01-05,1941.518,1953.085,1934.178,1950.108
2021-01-06,1950.148,1959.225,1900.755,1923.985
2021-01-07,1923.955,1927.518,1906.705,1916.425
2021-01-08,1916.395,1916.548,1828.038,1848.508
2021-01-09,1848.508,1848.508,1848.508,1848.508
2021-01-10,1849.163,1856.568,1841.365,1844.665
2021-01-11,1844.625,1855.346,1816.888,1847.175
2021-01-12,1847.135,1863.738,1836.558,1858.745
2021-01-13,1858.715,1862.892,1841.808,1848.265
2021-01-14,1848.255,1857.392,1828.518,1846.758
2021-01-15,1846.808,1856.848,1823.235,1827.478
2021-01-16,1827.478,1827.478,1827.478,1827.478
2021-01-17,1828.608,1830.188,1802.948,1810.325
2021-01-18,1810.628,1840.675,1810.228,1837.185
2021-01-19,1837.175,1845.335,1832.843,1840.785
2021-01-20,1840.845,1872.148,1832.272,1869.815
2021-01-21,1869.865,1874.915,1858.131,1869.431
2021-01-22,1869.451,1869.831,1837.195,1855.198
2021-01-23,1855.198,1855.198,1855.198,1855.198
2021-01-24,1854.187,1859.255,1853.777,1856.742
2021-01-25,1856.812,1867.735,1847.025,1855.395
2021-01-26,1855.375,1861.635,1848.278,1851.245
2021-01-27,1851.215,1853.096,1831.227,1839.817
2021-01-28,1839.817,1863.915,1833.925,1843.775
2021-01-29,1843.795,1875.522,1839.418,1847.048
2021-01-30,1847.048,1847.048,1847.048,1847.048
2021-01-31,1863.422,1866.837,1851.357,1855.897
2021-02-01,1855.897,1871.636,1848.892,1857.585
2021-02-02,1857.605,1863.975,1829.317,1836.325
2021-02-03,1836.405,1844.785,1829.368,1834.225
2021-02-04,1834.225,1834.635,1784.888,1795.775
2021-02-05,1795.795,1815.016,1791.905,1814.048
2021-02-06,1814.048,1814.048,1814.048,1814.048
2021-02-07,1816.958,1818.678,1814.258,1817.885
2021-02-08,1817.898,1838.988,1807.665,1830.378
2021-02-09,1830.385,1848.47,1829.808,1836.035
2021-02-10,1836.035,1855.232,1833.915,1841.925
2021-02-11,1841.905,1847.402,1821.007,1826.665
2021-02-12,1826.635,1830.615,1810.395,1823.648
2021-02-13,1823.648,1823.648,1823.648,1823.648
2021-02-14,1825.118,1826.088,1819.995,1820.762
2021-02-15,1820.762,1826.915,1815.865,1818.595
2021-02-16,1818.655,1826.375,1786.604,1788.265
2021-02-17,1788.285,1795.015,1769.418,1778.085
2021-02-18,1778.085,1789.465,1768.305,1771.446
2021-02-19,1771.425,1791.405,1760.44,1783.398
2021-02-20,1783.398,1783.398,1783.398,1783.398
2021-02-21,1781.546,1787.896,1781.175,1783.151
2021-02-22,1783.176,1812.535,1780.545,1810.335
2021-02-23,1810.345,1815.875,1795.425,1805.705
2021-02-24,1805.705,1813.745,1783.445,1802.965
2021-02-25,1802.965,1804.105,1765.328,1769.775
2021-02-26,1769.785,1775.605,1717.09,1733.188
2021-02-27,1733.188,1733.188,1733.188,1733.188
2021-02-28,1732.746,1739.755,1732.695,1739.085
2021-03-01,1739.085,1759.715,1719.525,1724.905
2021-03-02,1724.895,1740.446,1707.066,1736.416
2021-03-03,1736.426,1737.366,1701.797,1710.374
2021-03-04,1710.349,1723.104,1690.258,1694.195
2021-03-05,1694.105,1707.669,1687.138,1699.398
2021-03-06,1699.398,1699.398,1699.398,1699.398
2021-03-07,1701.718,1713.878,1701.718,1707.685
2021-03-08,1707.685,1714.168,1676.696,1684.554
2021-03-09,1684.554,1720.469,1680.014,1715.744
2021-03-10,1715.744,1727.065,1708.141,1726.584
2021-03-11,1726.594,1739.735,1719.115,1722.595
2021-03-12,1722.595,1729.158,1699.078,1726.958
2021-03-13,1726.958,1726.958,1726.958,1726.958
2021-03-14,1727.188,1730.304,1724.135,1725.235
2021-03-15,1725.235,1734.418,1721.554,1730.618
2021-03-16,1730.608,1741.147,1726.114,1731.585
2021-03-17,1731.585,1751.498,1724.018,1748.384
2021-03-18,1748.354,1755.408,1719.115,1735.114
2021-03-19,1735.094,1746.538,1728.391,1744.858
2021-03-20,1744.858,1744.858,1744.858,1744.858
2021-03-21,1746.009,1746.928,1737.868,1738.088
2021-03-22,1738.075,1742.988,1727.238,1739.198
2021-03-23,1739.218,1742.378,1724.578,1727.045
2021-03-24,1727.105,1738.318,1723.624,1734.498
2021-03-25,1734.398,1745.388,1721.589,1727.218
2021-03-26,1727.218,1736.648,1721.498,1731.808
2021-03-27,1731.808,1731.808,1731.808,1731.808
2021-03-28,1731.268,1732.988,1730.378,1731.015
2021-03-29,1730.985,1732.788,1705.668,1711.858
2021-03-30,1711.858,1714.318,1678.6,1685.398
2021-03-31,1685.398,1715.258,1677.788,1707.358
2021-04-01,1707.338,1730.465,1705.638,1728.805
2021-04-02,1728.805,1728.805,1728.805,1728.805
2021-04-03,1728.805,1728.805,1728.805,1728.805
2021-04-04,1727.929,1729.768,1725.998,1727.968
2021-04-05,1727.965,1733.448,1721.148,1729.308
2021-04-06,1729.168,1745.318,1727.398,1743.155
2021-04-07,1743.155,1743.255,1730.518,1736.728
2021-04-08,1736.728,1758.565,1733.058,1754.055
2021-04-09,1754.115,1757.238,1731.168,1743.028
2021-04-10,1743.028,1743.028,1743.028,1743.028
2021-04-11,1743.378,1744.038,1740.428,1741.678
2021-04-12,1741.618,1744.938,1727.318,1731.868
2021-04-13,1731.865,1748.928,1723.578,1746.545
2021-04-14,1746.545,1749.218,1732.505,1736.538
2021-04-15,1736.558,1769.525,1734.248,1763.845
2021-04-16,1763.855,1783.748,1759.618,1775.748
2021-04-17,1775.748,1775.748,1775.748,1775.748
2021-04-18,1776.998,1778.065,1774.638,1776.675
2021-04-19,1776.675,1789.968,1766.628,1772.005
2021-04-20,1772.018,1780.328,1763.505,1776.838
2021-04-21,1776.848,1797.528,1776.418,1793.468
2021-04-22,1793.558,1797.748,1777.328,1783.048
2021-04-23,1783.097,1795.858,1769.865,1776.818
2021-04-24,1776.818,1776.818,1776.818,1776.818
2021-04-25,1775.852,1776.258,1773.738,1774.798
2021-04-26,1774.808,1783.408,1768.617,1779.975
2021-04-27,1779.975,1785.458,1773.615,1775.385
2021-04-28,1775.375,1783.925,1762.498,1783.805
2021-04-29,1783.765,1789.875,1756.028,1773.068
2021-04-30,1773.068,1773.178,1764.108,1768.428
2021-05-01,1768.428,1768.428,1768.428,1768.428
2021-05-02,1768.87,1769.108,1765.945,1768.985
2021-05-03,1768.985,1797.798,1767.235,1792.468
2021-05-04,1792.468,1798.878,1770.638,1778.588
2021-05-05,1778.578,1787.848,1770.228,1785.178
2021-05-06,1785.178,1817.948,1781.878,1814.638
2021-05-07,1814.628,1843.175,1812.748,1830.618
2021-05-08,1830.618,1830.618,1830.618,1830.618
2021-05-09,1833.43,1836.815,1831.818,1836.155
2021-05-10,1836.175,1845.296,1830,1836.085
2021-05-11,1836.015,1841.718,1817.875,1835.448
2021-05-12,1835.448,1843.598,1813.145,1817.518
2021-05-13,1817.498,1828.678,1808.656,1824.948
2021-05-14,1825.108,1845.85,1819.566,1842.688
2021-05-15,1842.688,1842.688,1842.688,1842.688
2021-05-16,1844.528,1848.005,1840.498,1847.005
2021-05-17,1847.005,1868.955,1843.458,1868.875
2021-05-18,1868.875,1874.848,1863.105,1870.025
2021-05-19,1870.045,1890.022,1852.095,1865.805
2021-05-20,1865.815,1883.758,1863.735,1873.908
2021-05-21,1873.928,1889.228,1869.998,1880.898
2021-05-22,1880.898,1880.898,1880.898,1880.898
2021-05-23,1882.123,1883.744,1879.998,1883.435
2021-05-24,1883.395,1886.878,1875.058,1877.348
2021-05-25,1877.358,1900.118,1872.614,1898.188
2021-05-26,1898.155,1912.648,1890.588,1896.078
2021-05-27,1896.025,1903.478,1888.188,1897.908
2021-05-28,1897.948,1905.798,1882.135,1902.648
2021-05-29,1902.648,1902.648,1902.648,1902.648
2021-05-30,1903.338,1904.748,1902.572,1903.748
2021-05-31,1903.798,1910.545,1902.005,1907.998
2021-06-01,1907.978,1916.485,1892.265,1898.795
2021-06-02,1898.805,1909.398,1894.228,1907.688
2021-06-03,1907.688,1909.498,1865.185,1870.868
2021-06-04,1870.868,1896.098,1855.315,1890.708
2021-06-05,1890.708,1890.708,1890.708,1890.708
2021-06-06,1891.398,1891.398,1888.574,1889.198
2021-06-07,1889.198,1900.018,1881.415,1898.658
2021-06-08,1898.618,1903.688,1883.618,1893.285
2021-06-09,1893.275,1898.918,1887.238,1888.598
2021-06-10,1888.598,1899.758,1869.668,1898.228
2021-06-11,1898.164,1902.948,1874.378,1877.048
2021-06-12,1877.048,1877.048,1877.048,1877.048
2021-06-13,1876.758,1877.888,1873.098,1873.584
2021-06-14,1873.584,1873.778,1844.478,1866.758
2021-06-15,1866.738,1869.068,1851.478,1857.785
2021-06-16,1857.848,1862.928,1803.268,1818.688
2021-06-17,1818.688,1825.228,1767.128,1776.638
2021-06-18,1776.728,1797.062,1760.767,1763.198
2021-06-19,1763.198,1763.198,1763.198,1763.198
2021-06-20,1763.938,1770.028,1763.838,1769.298
2021-06-21,1769.208,1787.648,1766.378,1783.498
2021-06-22,1783.488,1789.995,1772.228,1777.438
2021-06-23,1777.438,1794.838,1773.208,1777.225
2021-06-24,1777.175,1787.848,1772.778,1775.148
2021-06-25,1775.148,1790.268,1773.588,1780.938
2021-06-26,1780.938,1780.938,1780.938,1780.938
2021-06-27,1781.227,1782.708,1780.448,1781.838
2021-06-28,1781.798,1785.718,1770.518,1778.018
2021-06-29,1777.988,1778.818,1750.488,1761.358
2021-06-30,1761.398,1774.278,1753.228,1768.138
2021-07-01,1768.178,1782.678,1765.528,1775.428
2021-07-02,1775.445,1794.928,1774.108,1786.978
2021-07-03,1786.978,1786.978,1786.978,1786.978
2021-07-04,1786.527,1787.576,1785.368,1786.108
2021-07-05,1786.108,1795.128,1784.338,1791.118
2021-07-06,1791.118,1814.918,1789.938,1795.428
2021-07-07,1795.388,1809.648,1793.746,1803.248
2021-07-08,1803.228,1818.288,1794.177,1803.648
2021-07-09,1803.607,1812.298,1796.558,1807.838
2021-07-10,1807.838,1807.838,1807.838,1807.838
2021-07-11,1807.568,1808.405,1806.218,1806.368
2021-07-12,1806.358,1810.708,1791.375,1806.998
2021-07-13,1806.968,1817.061,1798.508,1805.948
2021-07-14,1805.948,1829.678,1804.448,1826.258
2021-07-15,1826.258,1833.976,1820.13,1829.408
2021-07-16,1829.388,1831.428,1808.868,1811.548
2021-07-17,1811.548,1811.548,1811.548,1811.548
2021-07-18,1810.891,1815.778,1810.238,1815.588
2021-07-19,1815.588,1817.178,1794.865,1811.378
2021-07-20,1811.388,1824.898,1804.948,1809.648
2021-07-21,1809.565,1813.658,1794.608,1802.448
2021-07-22,1802.448,1808.368,1792.648,1807.038
2021-07-23,1807.038,1810.218,1789.407,1801.698
2021-07-24,1801.698,1801.698,1801.698,1801.698
2021-07-25,1801.992,1802.608,1799.898,1800.198
2021-07-26,1800.198,1811.398,1796.295,1797.618
2021-07-27,1797.588,1805.118,1793.488,1799.808
2021-07-28,1799.818,1810.205,1792.418,1809.238
2021-07-29,1809.188,1832.59,1808.498,1830.138
2021-07-30,1830.138,1831.248,1810.138,1813.398
2021-07-31,1813.398,1813.398,1813.398,1813.398
2021-08-01,1813.321,1815.078,1811.978,1813.815
2021-08-02,1813.815,1819.418,1805.638,1812.395
2021-08-03,1812.525,1814.908,1807.018,1811.058
2021-08-04,1811.028,1831.605,1806.325,1811.518
2021-08-05,1811.518,1814.748,1797.708,1803.405
2021-08-06,1803.398,1803.615,1758.578,1762.568
2021-08-07,1762.568,1762.568,1762.568,1762.568
2021-08-08,1762.888,1764.448,1670.488,1718.975
2021-08-09,1718.975,1752.498,1706.485,1731.395
2021-08-10,1731.395,1738.158,1717.598,1726.818
2021-08-11,1726.808,1754.288,1723.988,1752.235
2021-08-12,1752.235,1758.038,1741.478,1753.328
2021-08-13,1753.328,1779.848,1751.568,1779.218
2021-08-14,1779.218,1779.218,1779.218,1779.218
2021-08-15,1778.127,1779.998,1777.877,1778.778
2021-08-16,1778.778,1789.198,1770.699,1787.408
2021-08-17,1787.358,1795.437,1780.448,1786.048
2021-08-18,1786.048,1793.638,1777.208,1787.388
2021-08-19,1787.398,1792.368,1774.358,1778.928
2021-08-20,1778.938,1788.281,1778.268,1780.458
2021-08-21,1780.458,1780.458,1780.458,1780.458
2021-08-22,1779.598,1782.228,1777.258,1778.538
2021-08-23,1778.568,1806.378,1776.388,1804.728
2021-08-24,1804.668,1809.465,1800.648,1801.708
2021-08-25,1801.668,1802.558,1782.448,1791.555
2021-08-26,1791.535,1798.095,1779.928,1793.418
2021-08-27,1793.408,1819.225,1783.798,1816.158
2021-08-28,1816.158,1816.158,1816.158,1816.158
2021-08-29,1818.332,1819.028,1817.148,1818.368
2021-08-30,1818.388,1823.079,1807.618,1810.348
2021-08-31,1810.348,1819.075,1801.598,1814.448
2021-09-01,1814.408,1819.905,1808.575,1813.058
2021-09-02,1813.048,1817.004,1804.885,1809.418
2021-09-03,1809.428,1833.908,1808.848,1827.288
2021-09-04,1827.288,1827.288,1827.288,1827.288
2021-09-05,1829.972,1830.098,1827.358,1827.488
2021-09-06,1827.458,1828.378,1821.335,1823.448
2021-09-07,1823.428,1827.128,1792.298,1795.608
2021-09-08,1795.588,1802.074,1782.254,1790.648
2021-09-09,1790.658,1800.877,1783.717,1794.664
2021-09-10,1794.664,1803.754,1786.978,1787.048
2021-09-11,1787.048,1787.048,1787.048,1787.048
2021-09-12,1788.354,1789.358,1786.918,1787.278
2021-09-13,1787.268,1798.264,1783.568,1792.938
2021-09-14,1792.934,1808.558,1780.285,1803.618
2021-09-15,1803.618,1806.798,1790.658,1794.968
2021-09-16,1794.968,1796.074,1745.218,1753.778
2021-09-17,1753.768,1767.417,1747.258,1753.488
2021-09-18,1753.488,1753.488,1753.488,1753.488
2021-09-19,1753.962,1755.054,1751.224,1754.014
2021-09-20,1754.024,1767.048,1741.978,1764.878
2021-09-21,1764.858,1781.658,1757.838,1774.824
2021-09-22,1774.824,1787.188,1764.498,1766.844
2021-09-23,1766.844,1776.459,1737.768,1746.118
2021-09-24,1746.128,1757.557,1740.338,1749.878
2021-09-25,1749.878,1749.878,1749.878,1749.878
2021-09-26,1751.498,1751.498,1748.094,1749.448
2021-09-27,1749.444,1760.738,1744.764,1751.204
2021-09-28,1751.184,1754.344,1728.008,1735.245
2021-09-29,1735.245,1745.418,1721.548,1728.728
2021-09-30,1728.716,1764.086,1722.098,1752.978
2021-10-01,1752.968,1764.178,1749.655,1760.098
2021-10-02,1760.098,1760.098,1760.098,1760.098
2021-10-03,1762.078,1765.153,1760.145,1763.058
2021-10-04,1763.058,1770.475,1747.608,1767.955
2021-10-05,1767.958,1768.265,1748.488,1759.228
2021-10-06,1759.278,1765.015,1745.77,1763.908
2021-10-07,1763.898,1766.848,1751.838,1755.028
2021-10-08,1755.018,1781.228,1753.238,1756.608
2021-10-09,1756.608,1756.608,1756.608,1756.608
2021-10-10,1757.145,1758.125,1750.995,1753.878
2021-10-11,1753.885,1760.878,1750.068,1753.198
2021-10-12,1753.378,1769.238,1750.658,1760.298
2021-10-13,1760.298,1796.064,1757.829,1791.638
2021-10-14,1791.608,1800.458,1786.598,1795.288
2021-10-15,1795.298,1796.378,1764.748,1766.658
2021-10-16,1766.658,1766.658,1766.658,1766.658
2021-10-17,1766.573,1771.964,1764.754,1770.874
2021-10-18,1770.894,1772.008,1760.184,1763.884
2021-10-19,1763.885,1785.038,1763.188,1768.598
2021-10-20,1768.598,1788.368,1766.744,1781.368
2021-10-21,1781.348,1789.368,1776.374,1784.564
2021-10-22,1784.484,1813.748,1782.788,1791.628
2021-10-23,1791.628,1791.628,1791.628,1791.628
2021-10-24,1792.473,1794.358,1792.168,1794.308
2021-10-25,1794.378,1809.974,1792.164,1807.778
2021-10-26,1807.758,1807.868,1782.288,1793.468
2021-10-27,1793.478,1798.978,1783.374,1796.518
2021-10-28,1796.488,1810.344,1792.198,1799.484
2021-10-29,1799.484,1799.864,1771.848,1782.988
2021-10-30,1782.988,1782.988,1782.988,1782.988
2021-10-31,1783.028,1783.582,1778.998,1779.958
2021-11-01,1779.948,1795.738,1779.928,1791.978
2021-11-02,1792.067,1796.288,1786.254,1787.038
2021-11-03,1787.015,1787.508,1758.644,1777.164
2021-11-04,1777.164,1798.804,1770.664,1791.214
2021-11-05,1791.224,1818.128,1784.894,1817.588
2021-11-06,1817.588,1817.588,1817.588,1817.588
2021-11-07,1818.383,1818.423,1814.823,1815.713
2021-11-08,1815.713,1826.403,1812.313,1824.508
2021-11-09,1824.523,1832.633,1819.043,1829.813
2021-11-10,1829.813,1868.458,1822.168,1848.444
2021-11-11,1848.444,1865.898,1842.748,1862.198
2021-11-12,1862.208,1868.568,1845.088,1864.448
2021-11-13,1864.448,1864.448,1864.448,1864.448
2021-11-14,1869.364,1869.364,1865.154,1865.438
2021-11-15,1865.448,1870.468,1856.318,1862.258
2021-11-16,1862.191,1877.118,1849.328,1850.208
2021-11-17,1850.208,1867.958,1849.434,1866.378
2021-11-18,1866.374,1870.814,1854.948,1859.448
2021-11-19,1859.464,1865.668,1842.869,1845.175
2021-11-20,1845.175,1845.175,1845.175,1845.175
2021-11-21,1846.534,1847.048,1838.648,1844.878
2021-11-22,1844.888,1848.984,1802.144,1808.928
2021-11-23,1808.908,1812.318,1781.859,1790.718
2021-11-24,1790.708,1796.285,1778.398,1789.528
2021-11-25,1789.518,1794.968,1787.718,1792.528
2021-11-26,1792.548,1815.408,1780.358,1792.665
2021-11-27,1792.665,1792.665,1792.665,1792.665
2021-11-28,1790.195,1795.565,1775.563,1795.425
2021-11-29,1795.405,1799.258,1781.008,1786.685
2021-11-30,1786.685,1808.618,1769.758,1773.098
2021-12-01,1773.128,1794.41,1772.428,1781.645
2021-12-02,1781.625,1781.875,1761.815,1768.885
2021-12-03,1768.885,1785.998,1766.02,1782.788
2021-12-04,1782.788,1782.788,1782.788,1782.788
2021-12-05,1784.355,1785.245,1780.538,1782.775
2021-12-06,1782.768,1787.635,1775.587,1780.825
2021-12-07,1780.825,1787.708,1772.168,1784.598
2021-12-08,1784.628,1792.998,1779.478,1783.355
2021-12-09,1783.345,1787.505,1773.138,1776.218
2021-12-10,1776.218,1789.398,1769.968,1782.288
2021-12-11,1782.288,1782.288,1782.288,1782.288
2021-12-12,1783.055,1784.298,1781.778,1783.098
2021-12-13,1783.095,1791.455,1781.698,1785.668
2021-12-14,1785.648,1789.415,1766.358,1772.358
2021-12-15,1772.368,1781.342,1752.928,1779.345
2021-12-16,1779.348,1799.925,1775.418,1798.648
2021-12-17,1798.668,1814.148,1795.758,1797.708
2021-12-18,1797.708,1797.708,1797.708,1797.708
2021-12-19,1799.445,1801.555,1798.508,1799.948
2021-12-20,1800.108,1804.058,1788.188,1791.515
2021-12-21,1791.515,1800.438,1784.838,1790.455
2021-12-22,1790.455,1804.955,1785.795,1803.568
2021-12-23,1803.558,1810.629,1798.778,1808.355
2021-12-24,1808.355,1808.355,1808.355,1808.355
2021-12-25,1808.355,1808.355,1808.355,1808.355
2021-12-26,1808.544,1808.544,1805.658,1807.178
2021-12-27,1807.178,1813.388,1802.855,1812.274
2021-12-28,1812.264,1820.099,1804.918,1806.428
2021-12-29,1806.419,1807.578,1789.348,1804.485
2021-12-30,1804.485,1817.108,1796.058,1815.588
2021-12-31,1815.618,1830.248,1814.598,1829.058
2022-01-01,1829.058,1829.058,1829.058,1829.058
2022-01-02,1828.604,1831.624,1827.898,1828.354
2022-01-03,1828.294,1831.458,1798.189,1804.028
2022-01-04,1804.024,1816.688,1798.388,1813.788
2022-01-05,1813.815,1829.584,1808.168,1810.178
2022-01-06,1810.228,1811.438,1786.288,1791.278
2022-01-07,1791.255,1798.515,1782.495,1795.808
2022-01-08,1795.808,1795.808,1795.808,1795.808
2022-01-09,1793.955,1796.098,1793.685,1795.048
2022-01-10,1795.048,1802.848,1790.235,1801.088
2022-01-11,1801.088,1823.228,1801.055,1820.588
2022-01-12,1820.588,1827.984,1814.578,1825.168
2022-01-13,1825.168,1828.058,1812.228,1820.728
2022-01-14,1820.728,1829.048,1814.578,1817.418
2022-01-15,1817.418,1817.418,1817.418,1817.418
2022-01-16,1817.044,1819.254,1815.768,1816.268
2022-01-17,1816.268,1823.088,1813,1818.938
2022-01-18,1818.938,1822.644,1805.658,1814.158
2022-01-19,1814.168,1843.318,1810.143,1838.414
2022-01-20,1838.424,1847.804,1835.808,1838.808
2022-01-21,1838.848,1843.108,1828.384,1834.328
2022-01-22,1834.328,1834.328,1834.328,1834.328
2022-01-23,1834.524,1836.948,1831.428,1834.598
2022-01-24,1834.588,1844.208,1829.558,1843.538
2022-01-25,1843.538,1853.748,1834.838,1849.398
2022-01-26,1849.355,1849.448,1814.838,1821.828
2022-01-27,1821.848,1821.858,1791.678,1797.158
2022-01-28,1797.158,1799.308,1780.158,1791.028
2022-01-29,1791.028,1791.028,1791.028,1791.028
2022-01-30,1791.928,1791.928,1788.338,1789.408
2022-01-31,1789.408,1799.805,1785.458,1797.748
2022-02-01,1797.708,1808.638,1795.625,1800.578
2022-02-02,1800.578,1810.718,1794.358,1807.755
2022-02-03,1807.798,1808.875,1788.538,1805.608
2022-02-04,1805.608,1814.798,1792.018,1807.558
2022-02-05,1807.558,1807.558,1807.558,1807.558
2022-02-06,1806.719,1811.308,1806.678,1809.934
2022-02-07,1809.968,1823.458,1808.638,1821.878
2022-02-08,1821.878,1828.664,1815.314,1825.838
2022-02-09,1825.854,1835.708,1824.538,1832.508
2022-02-10,1832.518,1841.838,1821.534,1826.708
2022-02-11,1826.708,1865.378,1820.838,1857.898
2022-02-12,1857.898,1857.898,1857.898,1857.898
2022-02-13,1859.233,1862.028,1855.308,1859.404
2022-02-14,1859.428,1874.018,1850.698,1870.948
2022-02-15,1870.928,1879.378,1844.398,1852.848
2022-02-16,1852.848,1872.498,1850.188,1869.788
2022-02-17,1869.808,1901.016,1867.698,1899.878
2022-02-18,1899.903,1902.358,1886.478,1897.768
2022-02-19,1897.768,1897.768,1897.768,1897.768
2022-02-20,1900.818,1906.348,1896.651,1904.758
2022-02-21,1904.758,1914.023,1887.453,1909.448
2022-02-22,1909.418,1913.798,1891.268,1898.148
2022-02-23,1898.148,1911.458,1889.548,1910.623
2022-02-24,1910.643,1974.398,1877.938,1906.398
2022-02-25,1906.398,1921.478,1882.828,1888.528
2022-02-26,1888.528,1888.528,1888.528,1888.528
2022-02-27,1919.206,1930.948,1904.208,1910.038
2022-02-28,1910.038,1919.288,1890.768,1906.178
2022-03-01,1906.178,1950.078,1901.268,1942.188
2022-03-02,1942.188,1947.788,1913.738,1928.668
2022-03-03,1928.668,1941.203,1921.906,1934.807
2022-03-04,1934.807,1970.648,1929.498,1969.848
2022-03-05,1969.848,1969.848,1969.848,1969.848
2022-03-06,1974.472,1991.358,1974.192,1988.608
2022-03-07,1988.608,2002.518,1960.878,1998.608
2022-03-08,1998.678,2070.358,1980.938,2043.648
2022-03-09,2043.728,2059.068,1976.008,1989.728
2022-03-10,1989.728,2009.062,1970.508,1995.168
2022-03-11,1995.168,1997.142,1958.438,1988.248
2022-03-12,1988.248,1988.248,1988.248,1988.248
2022-03-13,1984.742,1990.308,1970.548,1974.108
2022-03-14,1974.148,1978.662,1949.628,1952.058
2022-03-15,1952.058,1952.088,1906.948,1917.853
2022-03-16,1917.829,1929.328,1894.948,1926.898
2022-03-17,1926.888,1949.748,1925.363,1943.778
2022-03-18,1943.765,1945.203,1917.798,1921.198
2022-03-19,1921.198,1921.198,1921.198,1921.198
2022-03-20,1921.358,1926.168,1918.058,1918.938
2022-03-21,1918.928,1941.168,1917.858,1935.488
2022-03-22,1935.488,1938.268,1910.508,1919.543
2022-03-23,1919.523,1948.293,1915.453,1945.968
2022-03-24,1945.919,1966.083,1937.278,1959.155
2022-03-25,1959.155,1964.153,1942.998,1957.688
2022-03-26,1957.688,1957.688,1957.688,1957.688
2022-03-27,1956.968,1959.053,1954.613,1957.063
2022-03-28,1957.063,1958.258,1916.838,1923.918
2022-03-29,1923.938,1929.168,1889.998,1916.268
2022-03-30,1916.298,1938.428,1915.788,1933.958
2022-03-31,1933.938,1949.723,1918.988,1936.675
2022-04-01,1936.675,1939.358,1917.908,1924.778
2022-04-02,1924.778,1924.778,1924.778,1924.778
2022-04-03,1923.788,1925.758,1921.308,1924.578
2022-04-04,1924.578,1936.878,1915.328,1931.428
2022-04-05,1931.428,1944.463,1917.838,1920.518
2022-04-06,1920.458,1933.348,1915.038,1923.632
2022-04-07,1923.678,1937.708,1920.378,1932.848
2022-04-08,1932.878,1948.088,1927.548,1947.138
2022-04-09,1947.138,1947.138,1947.138,1947.138
2022-04-10,1946.138,1949.838,1943.118,1944.578
2022-04-11,1944.578,1969.558,1939.882,1952.638
2022-04-12,1952.638,1978.508,1949.518,1965.758
2022-04-13,1965.752,1981.482,1962.718,1977.062
2022-04-14,1977.088,1980.248,1960.412,1973.218
2022-04-15,1973.218,1973.218,1973.218,1973.218
2022-04-16,1973.218,1973.218,1973.218,1973.218
2022-04-17,1974.038,1988.028,1970.838,1986.622
2022-04-18,1986.618,1998.268,1976.122,1977.058
2022-04-19,1977.068,1981.848,1943.588,1949.618
2022-04-20,1949.592,1958.208,1939.16,1956.662
2022-04-21,1956.658,1957.278,1936.632,1950.848
2022-04-22,1950.848,1955.482,1926.458,1930.708
2022-04-23,1930.708,1930.708,1930.708,1930.708
2022-04-24,1930.523,1934.328,1927.953,1932.508
2022-04-25,1932.568,1932.663,1891.373,1899.258
2022-04-26,1899.248,1911.108,1895.608,1906.453
2022-04-27,1906.458,1906.898,1881.248,1885.513
2022-04-28,1885.493,1896.608,1871.938,1895.428
2022-04-29,1895.418,1919.838,1894.373,1895.748
2022-04-30,1895.748,1895.748,1895.748,1895.748
2022-05-01,1895.635,1899.788,1895.338,1897.118
2022-05-02,1897.118,1898.373,1854.468,1863.098
2022-05-03,1863.098,1877.998,1850.308,1868.278
2022-05-04,1868.278,1893.998,1861.298,1893.814
2022-05-05,1893.814,1909.633,1872.358,1874.078
2022-05-06,1874.063,1892.373,1866.001,1883.148
2022-05-07,1883.148,1883.148,1883.148,1883.148
2022-05-08,1883.068,1885.558,1879.778,1881.128
2022-05-09,1881.118,1881.988,1851.558,1854.565
2022-05-10,1854.565,1865.278,1833.218,1833.463
2022-05-11,1833.463,1858.018,1831.838,1853.963
2022-05-12,1854.058,1858.708,1810.734,1821.248
2022-05-13,1821.248,1828.678,1798.968,1810.678
2022-05-14,1810.678,1810.678,1810.678,1810.678
2022-05-15,1809.648,1814.768,1809.628,1813.078
2022-05-16,1813.048,1829.268,1786.638,1826.254
2022-05-17,1826.393,1835.998,1812.778,1814.428
2022-05-18,1814.398,1824.614,1807.228,1815.938
2022-05-19,1815.948,1849.053,1810.798,1841.944
2022-05-20,1841.973,1849.304,1832.178,1845.738
2022-05-21,1845.738,1845.738,1845.738,1845.738
2022-05-22,1844.686,1857.858,1843.353,1846.218
2022-05-23,1846.218,1865.334,1845.648,1853.758
2022-05-24,1853.768,1869.573,1849.208,1867.345
2022-05-25,1867.345,1867.878,1842.138,1853.908
2022-05-26,1853.908,1854.218,1840.798,1852.628
2022-05-27,1852.648,1861.838,1847.828,1852.838
2022-05-28,1852.838,1852.838,1852.838,1852.838
2022-05-29,1852.538,1853.788,1848.008,1849.753
2022-05-30,1849.748,1863.883,1848.598,1852.358
2022-05-31,1852.328,1857.018,1834.858,1836.328
2022-06-01,1836.318,1849.894,1828.358,1845.864
2022-06-02,1845.864,1870.508,1843.908,1869.718
2022-06-03,1869.738,1873.963,1847.273,1850.338
2022-06-04,1850.338,1850.338,1850.338,1850.338
2022-06-05,1850.618,1853.113,1849.538,1851.458
2022-06-06,1851.468,1857.748,1837.798,1839.288
2022-06-07,1839.268,1855.458,1836.923,1853.458
2022-06-08,1853.548,1859.573,1844.478,1852.643
2022-06-09,1852.673,1855.268,1839.91,1846.794
2022-06-10,1846.798,1875.868,1824.948,1871.038
2022-06-11,1871.038,1871.038,1871.038,1871.038
2022-06-12,1874.938,1878.763,1873.638,1876.883
2022-06-13,1876.878,1877.363,1809.153,1820.878
2022-06-14,1820.833,1831.538,1804.963,1810.773
2022-06-15,1810.813,1841.838,1808.528,1833.708
2022-06-16,1833.708,1857.418,1814.718,1850.634
2022-06-17,1850.638,1852.953,1833.714,1838.778
2022-06-18,1838.778,1838.778,1838.778,1838.778
2022-06-19,1837.448,1840.228,1834.493,1838.318
2022-06-20,1838.318,1845.998,1834.998,1838.988
2022-06-21,1838.936,1843.518,1828.424,1831.325
2022-06-22,1831.325,1847.778,1823.288,1836.428
2022-06-23,1836.438,1846.238,1822.388,1824.448
2022-06-24,1824.443,1831.686,1816.898,1825.858
2022-06-25,1825.858,1825.858,1825.858,1825.858
2022-06-26,1837.376,1839.363,1829.858,1830.928
2022-06-27,1830.918,1840.948,1820.678,1823.443
2022-06-28,1823.423,1829.412,1818.148,1818.298
2022-06-29,1818.308,1832.958,1811.978,1818.763
2022-06-30,1818.768,1825.008,1802.618,1806.428
2022-07-01,1806.448,1811.698,1784.397,1810.598
2022-07-02,1810.598,1810.598,1810.598,1810.598
2022-07-03,1812.078,1812.169,1807.868,1807.924
2022-07-04,1808.215,1814.198,1803.836,1809.108
2022-07-05,1809.158,1812.058,1763.748,1769.364
2022-07-06,1769.364,1772.784,1732.128,1739.818
2022-07-07,1739.834,1749.014,1736.358,1741.628
2022-07-08,1741.738,1752.387,1732.919,1741.838
2022-07-09,1741.838,1741.838,1741.838,1741.838
2022-07-10,1742.848,1744.528,1740.098,1741.828
2022-07-11,1741.828,1743.374,1731.128,1733.104
2022-07-12,1733.128,1744.098,1723.048,1725.218
2022-07-13,1725.218,1745.284,1706.948,1731.914
2022-07-14,1731.914,1733.464,1697.438,1711.504
2022-07-15,1711.504,1716.518,1698.948,1707.798
2022-07-16,1707.798,1707.798,1707.798,1707.798
2022-07-17,1707.238,1710.528,1705.758,1710.174
2022-07-18,1710.138,1723.798,1706.584,1708.144
2022-07-19,1708.124,1718.321,1705.224,1709.888
2022-07-20,1709.838,1714.411,1692.338,1695.308
2022-07-21,1695.298,1720.238,1680.748,1718.036
2022-07-22,1718.036,1739.253,1712.724,1726.618
2022-07-23,1726.618,1726.618,1726.618,1726.618
2022-07-24,1728.148,1728.148,1724.148,1724.598
2022-07-25,1724.578,1736.174,1714.653,1718.878
2022-07-26,1718.998,1728.074,1713.534,1717.814
2022-07-27,1717.808,1740.138,1711.315,1738.628
2022-07-28,1738.618,1757.004,1733.828,1754.738
2022-07-29,1754.828,1767.784,1751.928,1765.698
2022-07-30,1765.698,1765.698,1765.698,1765.698
2022-07-31,1764.809,1766.11,1760.728,1762.078
2022-08-01,1762.078,1775.314,1758.208,1772.158
2022-08-02,1772.158,1787.928,1754.828,1756.648
2022-08-03,1756.618,1772.662,1754.198,1763.615
2022-08-04,1763.615,1794.898,1763.258,1793.264
2022-08-05,1793.264,1794.764,1764.907,1774.718
2022-08-06,1774.718,1774.718,1774.718,1774.718
2022-08-07,1773.748,1774.968,1770.565,1774.438
2022-08-08,1774.428,1790.564,1771.01,1789.034
2022-08-09,1789.044,1800.364,1783.038,1793.968
2022-08-10,1793.988,1807.768,1787.478,1791.528
2022-08-11,1791.548,1799.149,1783.378,1788.828
2022-08-12,1788.814,1802.548,1784.798,1801.778
2022-08-13,1801.778,1801.778,1801.778,1801.778
2022-08-14,1802.308,1802.308,1798.828,1799.015
2022-08-15,1799.015,1801.588,1772.818,1778.384
2022-08-16,1778.474,1783.038,1771.368,1775.488
2022-08-17,1775.498,1782.194,1759.714,1764.865
2022-08-18,1764.865,1772.294,1755.218,1758.378
2022-08-19,1758.355,1758.458,1745.438,1746.498
2022-08-20,1746.498,1746.498,1746.498,1746.498
2022-08-21,1746.298,1747.958,1744.848,1745.538
2022-08-22,1745.558,1748.958,1727.668,1735.084
2022-08-23,1735.084,1753.974,1730.688,1745.868
2022-08-24,1745.848,1755.798,1742.355,1750.908
2022-08-25,1750.898,1765.368,1749.828,1756.255
2022-08-26,1756.255,1758.684,1734.058,1737.338
2022-08-27,1737.338,1737.338,1737.338,1737.338
2022-08-28,1736.068,1738.348,1733.258,1734.654
2022-08-29,1734.664,1745.418,1720.208,1739.348
2022-08-30,1739.398,1740.334,1721.098,1723.198
2022-08-31,1723.198,1726.428,1705.598,1708.818
2022-09-01,1708.794,1708.794,1688.668,1697.018
2022-09-02,1697.034,1717.878,1696.178,1711.278
2022-09-03,1711.278,1711.278,1711.278,1711.278
2022-09-04,1712.598,1713.001,1707.804,1707.995
2022-09-05,1707.995,1715.668,1707.574,1713.928
2022-09-06,1713.928,1726.566,1699.708,1703.374
2022-09-07,1703.408,1719.318,1691.218,1716.528
2022-09-08,1716.498,1728.095,1703.878,1710.558
2022-09-09,1710.578,1729.344,1709.698,1715.938
2022-09-10,1715.938,1715.938,1715.938,1715.938
2022-09-11,1717.058,1720.058,1716.241,1718.335
2022-09-12,1718.335,1735.035,1711.808,1725.155
2022-09-13,1725.144,1731.71,1696.934,1702.064
2022-09-14,1702.064,1707.014,1693.518,1697.384
2022-09-15,1697.404,1697.735,1660.24,1662.355
2022-09-16,1662.355,1680.245,1654.048,1673.898
2022-09-17,1673.898,1673.898,1673.898,1673.898
2022-09-18,1675.958,1679.865,1673.745,1677.848
2022-09-19,1677.818,1678.628,1659.583,1675.635
2022-09-20,1675.615,1679.288,1659.875,1666.281
2022-09-21,1666.281,1687.948,1653.649,1666.938
2022-09-22,1666.928,1684.788,1655.536,1672.605
2022-09-23,1672.605,1675.838,1639.617,1643.598
2022-09-24,1643.598,1643.598,1643.598,1643.598
2022-09-25,1643.458,1645.565,1640.198,1643.925
2022-09-26,1643.935,1649.648,1621.033,1627.508
2022-09-27,1627.495,1642.335,1626.587,1628.718
2022-09-28,1628.748,1662.645,1614.71,1656.095
2022-09-29,1656.095,1665.045,1641.408,1664.455
2022-09-30,1664.495,1675.265,1659.158,1659.978
2022-10-01,1659.978,1659.978,1659.978,1659.978
2022-10-02,1662.198,1665.268,1660.125,1664.085
2022-10-03,1664.005,1702.465,1659.595,1700.918
2022-10-04,1700.918,1729.435,1695.068,1725.424
2022-10-05,1725.434,1727.664,1700.458,1718.248
2022-10-06,1718.264,1725.434,1706.812,1711.825
2022-10-07,1711.825,1714.724,1690.504,1694.458
2022-10-08,1694.458,1694.458,1694.458,1694.458
2022-10-09,1695.464,1699.714,1695.464,1696.568
2022-10-10,1696.583,1697.128,1665.478,1669.998
2022-10-11,1669.998,1683.84,1660.91,1663.955
2022-10-12,1663.955,1678.215,1661.265,1674.438
2022-10-13,1674.422,1682.336,1642.288,1663.345
2022-10-14,1663.265,1671.655,1640.095,1643.618
2022-10-15,1643.618,1643.618,1643.618,1643.618
2022-10-16,1644.068,1647.568,1643.022,1647.398
2022-10-17,1647.345,1668.268,1646.198,1650.568
2022-10-18,1652.408,1657.228,1646.508,1648.017
2022-10-19,1652.157,1653.248,1626.247,1627.018
2022-10-20,1626.907,1645.438,1622.257,1626.828
2022-10-21,1626.828,1657.798,1617.067,1657.298
2022-10-22,1657.298,1657.298,1657.298,1657.298
2022-10-23,1657.608,1670.748,1656.458,1661.148
2022-10-24,1661.077,1663.248,1643.747,1651.588
2022-10-25,1651.597,1662.187,1638.098,1652.598
2022-10-26,1652.637,1674.678,1649.558,1667.358
2022-10-27,1667.287,1670.648,1654.668,1661.728
2022-10-28,1661.758,1666.858,1637.898,1644.498
2022-10-29,1644.498,1644.498,1644.498,1644.498
2022-10-30,1643.398,1645.258,1641.297,1643.368
2022-10-31,1643.388,1645.488,1631.578,1632.248
2022-11-01,1632.257,1656.878,1630.477,1646.688
2022-11-02,1646.878,1669.257,1631.708,1633.578
2022-11-03,1633.537,1640.858,1616.477,1629.588
2022-11-04,1629.647,1681.718,1629.198,1681.148
2022-11-05,1681.148,1681.148,1681.148,1681.148
2022-11-06,1674.327,1680.137,1672.107,1672.527
2022-11-07,1672.698,1681.758,1666.707,1673.918
2022-11-08,1673.867,1716.738,1664.557,1711.367
2022-11-09,1711.348,1722.168,1702.048,1706.348
2022-11-10,1706.358,1756.998,1703.838,1752.078
2022-11-11,1751.947,1772.448,1747.108,1771.198
2022-11-12,1771.198,1771.198,1771.198,1771.198
2022-11-13,1765.917,1766.577,1761.177,1763.348
2022-11-14,1763.298,1774.938,1753.098,1769.298
2022-11-15,1769.398,1786.367,1766.948,1780.648
2022-11-16,1780.587,1784.928,1770.167,1773.738
2022-11-17,1773.647,1774.668,1754.268,1759.978
2022-11-18,1759.897,1767.578,1747.317,1750.398
2022-11-19,1750.398,1750.398,1750.398,1750.398
2022-11-20,1749.817,1752.518,1749.618,1752.157
2022-11-21,1752.147,1752.807,1732.338,1738.358
2022-11-22,1738.287,1749.598,1736.867,1740.998
2022-11-23,1740.947,1753.177,1728.137,1752.198
2022-11-24,1752.097,1758.468,1752.088,1755.207
2022-11-25,1755.167,1760.958,1745.848,1754.417
2022-11-26,1754.417,1754.417,1754.417,1754.417
2022-11-27,1755.787,1755.787,1749.607,1750.717
2022-11-28,1750.697,1763.618,1739.348,1741.108
2022-11-29,1741.118,1758.898,1740.057,1748.725
2022-11-30,1748.747,1773.348,1744.717,1773.248
2022-12-01,1773.177,1804.298,1771.798,1802.098
2022-12-02,1802.198,1802.898,1778.418,1797.248
2022-12-03,1797.248,1797.248,1797.248,1797.248
2022-12-04,1795.937,1799.178,1794.207,1798.788
2022-12-05,1798.767,1809.758,1766,1769.157
2022-12-06,1769.137,1780.728,1767.118,1770.798
2022-12-07,1770.808,1790.357,1768.588,1786.868
2022-12-08,1786.908,1794.728,1781.268,1789.078
2022-12-09,1789.037,1805.998,1788.298,1795.397
2022-12-10,1795.397,1795.397,1795.397,1795.397
2022-12-11,1795.687,1797.067,1794.598,1794.848
2022-12-12,1794.748,1795.328,1777.417,1781.915
2022-12-13,1781.885,1824.358,1780.875,1809.575
2022-12-14,1809.595,1814.035,1795.008,1807.575
2022-12-15,1807.585,1807.725,1773.608,1776.475
2022-12-16,1776.455,1794.198,1774.205,1792.598
2022-12-17,1792.598,1792.598,1792.598,1792.598
2022-12-18,1792.257,1793.387,1790.895,1790.965
2022-12-19,1790.925,1798.637,1783.785,1787.125
2022-12-20,1787.105,1821.035,1784.505,1817.135
2022-12-21,1817.135,1823.685,1811.705,1814.845
2022-12-22,1814.825,1820.325,1784.627,1793.415
2022-12-23,1793.435,1803.095,1791.065,1798.198
2022-12-24,1798.198,1798.198,1798.198,1798.198
2022-12-25,1798.198,1798.198,1798.198,1798.198
2022-12-26,1800.047,1803.965,1799.687,1801.685
2022-12-27,1801.705,1833.215,1800.565,1812.335
2022-12-28,1812.315,1814.415,1796.905,1805.695
2022-12-29,1805.655,1820.015,1804.205,1814.895
2022-12-30,1814.905,1825.877,1813.175,1823.463
2022-12-31,1823.463,1823.463,1823.463,1823.463
2023-01-01,1823.463,1823.463,1823.463,1823.463
2023-01-02,1826.837,1829.958,1823.287,1829.295
2023-01-03,1829.285,1849.865,1826.685,1836.348
2023-01-04,1836.348,1865.035,1836.048,1854.648
2023-01-05,1854.615,1858.875,1824.995,1832.725
2023-01-06,1832.715,1869.765,1831.198,1865.598
2023-01-07,1865.598,1865.598,1865.598,1865.598
2023-01-08,1867.537,1869.808,1864.477,1869.585
2023-01-09,1869.595,1881.445,1866.975,1870.415
2023-01-10,1870.405,1880.635,1867.745,1877.165
2023-01-11,1877.125,1886.548,1867.015,1876.845
2023-01-12,1876.875,1901.475,1872.76,1897.955
2023-01-13,1897.965,1921.798,1892.205,1919.398
2023-01-14,1919.398,1919.398,1919.398,1919.398
2023-01-15,1920.337,1922.047,1916.795,1916.845
2023-01-16,1916.865,1928.885,1910.665,1917.845
2023-01-17,1917.855,1918.925,1903.675,1908.558
2023-01-18,1908.558,1925.798,1896.495,1906.795
2023-01-19,1906.825,1935.045,1900.855,1931.575
2023-01-20,1931.565,1937.435,1920.508,1925.298
2023-01-21,1925.298,1925.298,1925.298,1925.298
2023-01-22,1926.128,1927.548,1923.608,1927.165
2023-01-23,1927.175,1935.445,1911.248,1931.225
2023-01-24,1931.235,1942.348,1917.065,1936.925
2023-01-25,1936.905,1948.725,1919.697,1948.175
2023-01-26,1948.195,1949.085,1918.627,1930.655
2023-01-27,1930.645,1934.918,1916.525,1927.598
2023-01-28,1927.598,1927.598,1927.598,1927.598
2023-01-29,1927.108,1929.127,1925.378,1928.875
2023-01-30,1928.885,1934.425,1920.585,1921.985
2023-01-31,1922.015,1930.998,1900.665,1927.198
2023-02-01,1927.198,1956.025,1920.435,1952.985
2023-02-02,1952.985,1959.625,1911.225,1915.025
2023-02-03,1915.035,1918.485,1861.255,1864.548
2023-02-04,1864.548,1864.548,1864.548,1864.548
2023-02-05,1864.508,1869.775,1859.647,1865.425
2023-02-06,1865.405,1881.198,1862.935,1868.445
2023-02-07,1868.465,1884.348,1864.898,1872.865
2023-02-08,1872.855,1886.345,1868.898,1874.855
2023-02-09,1874.855,1890.098,1858.855,1862.305
2023-02-10,1862.305,1872.035,1852.588,1864.698
2023-02-11,1864.698,1864.698,1864.698,1864.698
2023-02-12,1863.917,1865.178,1862.538,1862.598
2023-02-13,1862.565,1866.395,1850.325,1854.355
2023-02-14,1854.355,1870.467,1843.165,1854.825
2023-02-15,1854.815,1859.998,1830.475,1836.335
2023-02-16,1836.375,1845.158,1827.555,1834.255
2023-02-17,1834.255,1843.505,1818.805,1841.898
2023-02-18,1841.898,1841.898,1841.898,1841.898
2023-02-19,1840.407,1841.798,1838.325,1838.595
2023-02-20,1838.585,1847.405,1837.145,1841.675
2023-02-21,1841.655,1843.738,1830.095,1835.435
2023-02-22,1835.425,1845.905,1823.425,1825.055
2023-02-23,1825.035,1833.685,1817.395,1823.115
2023-02-24,1823.115,1827.715,1808.865,1810.665
2023-02-25,1810.665,1810.665,1810.665,1810.665
2023-02-26,1810.758,1812.985,1810.004,1811.625
2023-02-27,1811.615,1820.055,1806.538,1817.105
2023-02-28,1817.105,1831.045,1804.594,1825.395
2023-03-01,1825.374,1844.408,1822.938,1836.475
2023-03-02,1836.455,1838.865,1829.854,1837.765
2023-03-03,1837.755,1856.768,1837.675,1855.798
2023-03-04,1855.798,1855.798,1855.798,1855.798
2023-03-05,1854.644,1855.314,1852.125,1852.255
2023-03-06,1852.255,1858.168,1845.015,1846.255
2023-03-07,1846.225,1851.555,1812.655,1813.865
2023-03-08,1813.855,1824.185,1809.248,1815.175
2023-03-09,1815.195,1835.565,1811.805,1831.415
2023-03-10,1831.428,1870.065,1827.675,1867.448
2023-03-11,1867.448,1867.448,1867.448,1867.448
2023-03-12,1872.398,1894.184,1872.398,1877.675
2023-03-13,1877.695,1914.475,1871.328,1912.005
2023-03-14,1912.005,1913.984,1895.228,1902.958
2023-03-15,1902.935,1937.295,1885.565,1921.105
2023-03-16,1921.125,1933.385,1907.455,1921.265
2023-03-17,1921.295,1988.998,1918.135,1987.798
2023-03-18,1987.798,1987.798,1987.798,1987.798
2023-03-19,1984.148,1990.548,1974.845,1976.895
2023-03-20,1976.925,2009.695,1965.748,1976.525
2023-03-21,1976.545,1985.025,1935.194,1943.035
2023-03-22,1943.035,1978.705,1934.175,1969.555
2023-03-23,1969.565,2003.185,1966.245,1991.205
2023-03-24,1991.205,2002.848,1975.085,1977.988
2023-03-25,1977.988,1977.988,1977.988,1977.988
2023-03-26,1979.798,1979.798,1969.104,1975.665
2023-03-27,1975.645,1978.615,1943.895,1958.035
2023-03-28,1958.005,1975.148,1949.028,1971.835
2023-03-29,1971.865,1972.735,1958.575,1963.145
2023-03-30,1963.195,1984.195,1955.204,1978.385
2023-03-31,1978.365,1987.485,1966.754,1968.748
2023-04-01,1968.748,1968.748,1968.748,1968.748
2023-04-02,1972.298,1972.298,1956.794,1956.995
2023-04-03,1957.015,1990.365,1949.595,1984.848
2023-04-04,1984.825,2024.848,1976.825,2021.755
2023-04-05,2021.735,2031.968,2009.885,2020.165
2023-04-06,2020.175,2020.804,2001,2006.476
2023-04-07,2006.476,2006.476,2006.476,2006.476
2023-04-08,2006.476,2006.476,2006.476,2006.476
2023-04-09,1993.341,2006.355,1992.458,2005.358
2023-04-10,2005.415,2005.758,1981.545,1992.275
2023-04-11,1992.255,2007.348,1988.615,2004.615
2023-04-12,2004.638,2028.235,2001.225,2018.075
2023-04-13,2018.055,2048.538,2015.158,2039.675
2023-04-14,2039.645,2047.335,1992.285,2003.498
2023-04-15,2003.498,2003.498,2003.498,2003.498
2023-04-16,1998.498,2004.874,1997.904,2002.765
2023-04-17,2002.814,2014.885,1980.974,1993.905
2023-04-18,1993.875,2011.748,1991.195,2005.608
2023-04-19,2005.605,2008.045,1969.155,1993.635
2023-04-20,1993.655,2012.255,1990.385,2005.195
2023-04-21,2005.205,2005.445,1971.515,1982.248
2023-04-22,1982.248,1982.248,1982.248,1982.248
2023-04-23,1980.748,1985.298,1980.518,1984.605
2023-04-24,1984.545,1996.498,1973.995,1994.935
2023-04-25,1994.955,2003.798,1976.015,2000.125
2023-04-26,2000.115,2009.204,1983.198,1991.585
2023-04-27,1991.505,2003.258,1973.865,1986.825
2023-04-28,1986.785,1994.915,1975.905,1989.548
2023-04-29,1989.548,1989.548,1989.548,1989.548
2023-04-30,1990.398,1991.755,1986.515,1986.748
2023-05-01,1986.725,2005.848,1976.925,1981.335
2023-05-02,1981.335,2019.248,1978.324,2015.785
2023-05-03,2015.795,2079.778,2007.414,2051.795
2023-05-04,2051.814,2059.525,2030.214,2049.755
2023-05-05,2049.774,2052.925,1999.455,2016.298
2023-05-06,2016.298,2016.298,2016.298,2016.298
2023-05-07,2016.608,2018.124,2014.134,2015.975
2023-05-08,2015.964,2029.334,2015.064,2021.185
2023-05-09,2021.224,2037.494,2019.344,2036.204
2023-05-10,2036.244,2048.114,2021.434,2031.418
2023-05-11,2031.418,2041.214,2011.044,2016.224
2023-05-12,2016.274,2022.494,2000.825,2009.798
2023-05-13,2009.798,2009.798,2009.798,2009.798
2023-05-14,2007.498,2011.885,2006.998,2009.504
2023-05-15,2009.504,2022.114,2008.595,2014.345
2023-05-16,2014.355,2018.235,1985.405,1989.625
2023-05-17,1989.625,1992.985,1974.935,1982.625
2023-05-18,1982.654,1985.944,1951.885,1958.295
2023-05-19,1958.325,1984.075,1953.905,1977.448
2023-05-20,1977.448,1977.448,1977.448,1977.448
2023-05-21,1976.478,1981.375,1976.478,1980.695
2023-05-22,1980.715,1982.505,1968.765,1969.645
2023-05-23,1969.695,1977.554,1954.084,1974.945
2023-05-24,1974.935,1985.194,1956.104,1959.715
2023-05-25,1959.725,1964.625,1938.658,1940.465
2023-05-26,1940.475,1957.215,1936.655,1945.788
2023-05-27,1945.788,1945.788,1945.788,1945.788
2023-05-28,1942.078,1946.255,1941.098,1943.615
2023-05-29,1943.605,1949.575,1940.145,1941.338
2023-05-30,1941.344,1963.378,1931.905,1958.378
2023-05-31,1958.404,1974.628,1953.498,1966.245
2023-06-01,1966.225,1983.015,1953.255,1976.895
2023-06-02,1976.945,1983.315,1947.164,1947.738
2023-06-03,1947.738,1947.738,1947.738,1947.738
2023-06-04,1947.045,1949.995,1946.788,1949.255
2023-06-05,1949.245,1963.955,1938.045,1961.195
2023-06-06,1961.215,1966.238,1954.255,1963.295
2023-06-07,1963.335,1970.085,1939.544,1944.405
2023-06-08,1944.415,1970.398,1942.725,1965.275
2023-06-09,1965.225,1972.928,1956.475,1960.798
2023-06-10,1960.798,1960.798,1960.798,1960.798
2023-06-11,1959.324,1960.505,1957.844,1959.905
2023-06-12,1959.875,1966.865,1949.125,1959.855
2023-06-13,1959.825,1970.724,1939.935,1943.795
2023-06-14,1943.845,1960.205,1939.498,1945.185
2023-06-15,1945.175,1960.125,1924.898,1958.125
2023-06-16,1958.115,1967.825,1953.165,1957.358
2023-06-17,1957.358,1957.358,1957.358,1957.358
2023-06-18,1957.198,1958.404,1956.148,1957.035
2023-06-19,1957.065,1958.685,1947.685,1952.385
2023-06-20,1952.375,1956.675,1929.705,1937.205
2023-06-21,1937.215,1939.375,1919.075,1933.755
2023-06-22,1933.815,1934.165,1912.224,1914.365
2023-06-23,1914.375,1937.238,1910.065,1920.388
2023-06-24,1920.388,1920.388,1920.388,1920.388
2023-06-25,1924.948,1925.365,1922.534,1925.235
2023-06-26,1925.275,1933.245,1920.855,1922.295
2023-06-27,1922.348,1930.585,1910.785,1915.385
2023-06-28,1915.395,1917.155,1902.695,1909.498
2023-06-29,1909.548,1912.995,1892.915,1908.625
2023-06-30,1908.625,1922.628,1900.465,1919.538
2023-07-01,1919.538,1919.538,1919.538,1919.538
2023-07-02,1918.898,1919.565,1917.12,1918.105
2023-07-03,1918.125,1930.935,1909.965,1921.155
2023-07-04,1921.155,1930.615,1919.955,1926.245
2023-07-05,1926.245,1934.905,1914.244,1916.765
2023-07-06,1916.765,1927.505,1902.505,1911.495
2023-07-07,1911.545,1934.745,1909.525,1923.838
2023-07-08,1923.838,1923.838,1923.838,1923.838
2023-07-09,1923.998,1928.075,1923.598,1924.775
2023-07-10,1924.825,1926.835,1912.585,1924.735
2023-07-11,1924.765,1938.274,1924.355,1933.235
2023-07-12,1933.235,1959.595,1933.165,1957.685
2023-07-13,1957.675,1963.494,1952.245,1959.908
2023-07-14,1959.924,1963.585,1950.875,1954.748
2023-07-15,1954.748,1954.748,1954.748,1954.748
2023-07-16,1954.048,1955.694,1951.194,1953.265
2023-07-17,1953.255,1959.745,1945.638,1955.355
2023-07-18,1955.345,1984.195,1954.585,1977.395
2023-07-19,1977.355,1980.775,1969.645,1977.695
2023-07-20,1977.635,1987.385,1965.198,1972.115
2023-07-21,1972.155,1973.705,1956.678,1961.428
2023-07-22,1961.428,1961.428,1961.428,1961.428
2023-07-23,1961.498,1962.805,1960.285,1961.028
2023-07-24,1961.028,1967.725,1953.145,1954.345
2023-07-25,1954.365,1966.125,1951.898,1965.235
2023-07-26,1965.235,1978.118,1961.945,1971.885
2023-07-27,1971.905,1982.085,1942.525,1947.385
2023-07-28,1947.355,1963.374,1945.925,1958.465
2023-07-29,1958.465,1958.465,1958.465,1958.465
2023-07-30,1958.608,1960.455,1957.204,1957.875
2023-07-31,1957.865,1972.295,1950.655,1963.815
2023-08-01,1963.778,1964.595,1941.118,1952.045
2023-08-02,1952.055,1954.675,1932.885,1935.965
2023-08-03,1935.975,1938.815,1929.425,1935.745
2023-08-04,1935.745,1946.798,1924.898,1942.568
2023-08-05,1942.568,1942.568,1942.568,1942.568
2023-08-06,1942.098,1946.605,1941.348,1943.785
2023-08-07,1943.785,1945.215,1931.365,1936.605
2023-08-08,1936.615,1937.255,1922.655,1925.408
2023-08-09,1925.405,1932.255,1913.505,1916.535
2023-08-10,1916.565,1929.995,1910.694,1912.315
2023-08-11,1912.285,1920.815,1911.815,1913.378
2023-08-12,1913.378,1913.378,1913.378,1913.378
2023-08-13,1912.255,1915.105,1911.915,1913.565
2023-08-14,1913.575,1916.135,1902.595,1907.505
2023-08-15,1907.475,1911.525,1896.215,1901.345
2023-08-16,1901.365,1907.095,1891.148,1893.165
2023-08-17,1893.165,1903.375,1884.925,1891.195
2023-08-18,1891.215,1896.678,1886.675,1889.258
2023-08-19,1889.258,1889.258,1889.258,1889.258
2023-08-20,1889.335,1890.755,1888.685,1889.955
2023-08-21,1889.955,1898.665,1884.755,1894.655
2023-08-22,1894.655,1904.405,1889.018,1898.475
2023-08-23,1898.475,1920.275,1898.385,1917.805
2023-08-24,1917.815,1923.225,1911.655,1915.805
2023-08-25,1915.775,1922.265,1903.705,1914.778
2023-08-26,1914.778,1914.778,1914.778,1914.778
2023-08-27,1915.548,1916.148,1914.165,1914.905
2023-08-28,1914.895,1925.955,1912.675,1921.155
2023-08-29,1921.185,1938.095,1914.355,1936.125
2023-08-30,1936.065,1948.965,1934.838,1944.145
2023-08-31,1944.245,1947.825,1938.864,1939.805
2023-09-01,1939.815,1952.905,1934.355,1939.238
2023-09-02,1939.238,1939.238,1939.238,1939.238
2023-09-03,1939.948,1940.985,1939.274,1940.428
2023-09-04,1940.425,1946.185,1936.675,1937.515
2023-09-05,1937.515,1938.905,1925.205,1926.525
2023-09-06,1926.535,1929.055,1915.175,1917.055
2023-09-07,1917.025,1923.495,1916.095,1920.128
2023-09-08,1920.095,1929.595,1917.225,1918.258
2023-09-09,1918.258,1918.258,1918.258,1918.258
2023-09-10,1919.865,1920.574,1916.584,1918.785
2023-09-11,1918.785,1930.558,1918.295,1921.545
2023-09-12,1921.545,1924.395,1907.478,1912.795
2023-09-13,1912.785,1915.655,1905.555,1909.155
2023-09-14,1909.155,1912.825,1900.898,1909.745
2023-09-15,1909.765,1930.308,1909.725,1922.738
2023-09-16,1922.738,1922.738,1922.738,1922.738
2023-09-17,1923.408,1924.364,1922.378,1923.175
2023-09-18,1923.185,1934.425,1922.678,1934.055
2023-09-19,1934.065,1937.275,1929.675,1931.315
2023-09-20,1931.305,1947.315,1927.855,1929.308
2023-09-21,1929.278,1930.425,1913.808,1921.295
2023-09-22,1921.315,1929.015,1921.145,1924.818
2023-09-23,1924.818,1924.818,1924.818,1924.818
2023-09-24,1924.335,1926.324,1924.315,1924.665
2023-09-25,1924.665,1927.115,1915.045,1916.165
2023-09-26,1916.145,1916.405,1899.005,1901.465
2023-09-27,1901.455,1903.825,1872.445,1877.505
2023-09-28,1877.515,1879.485,1857.565,1866.645
2023-09-29,1866.635,1879.765,1846.205,1848.098
2023-09-30,1848.098,1848.098,1848.098,1848.098
2023-10-01,1847.268,1848.645,1845.595,1848.285
2023-10-02,1848.295,1848.835,1820.405,1824.845
2023-10-03,1824.818,1833.205,1815.245,1823.255
2023-10-04,1823.225,1830.455,1816.475,1822.425
2023-10-05,1822.445,1829.105,1812.924,1821.138
2023-10-06,1821.125,1834.725,1810.288,1832.698
2023-10-07,1832.698,1832.698,1832.698,1832.698
2023-10-08,1847.405,1855.435,1845.235,1847.865
2023-10-09,1847.895,1863.395,1844.135,1862.418
2023-10-10,1862.405,1865.315,1852.888,1859.495
2023-10-11,1859.498,1877.105,1858.535,1875.195
2023-10-12,1875.215,1884.885,1867.825,1870.505
2023-10-13,1870.515,1932.875,1870.045,1932.738
2023-10-14,1932.738,1932.738,1932.738,1932.738
2023-10-15,1927.998,1929.355,1921.034,1925.765
2023-10-16,1925.775,1925.845,1908.085,1919.355
2023-10-17,1919.355,1931.414,1912.315,1924.548
2023-10-18,1924.565,1962.545,1923.678,1950.745
2023-10-19,1950.775,1982.205,1945.125,1977.035
2023-10-20,1977.038,1997.135,1971.905,1980.648
2023-10-21,1980.648,1980.648,1980.648,1980.648
2023-10-22,1967.114,1978.535,1964.865,1971.445
2023-10-23,1971.445,1982.725,1964.275,1973.455
2023-10-24,1973.465,1980.735,1953.404,1972.725
2023-10-25,1972.745,1987.115,1962.854,1982.895
2023-10-26,1982.875,1993.385,1971.655,1984.345
2023-10-27,1984.345,2009.395,1976.755,2005.648
2023-10-28,2005.648,2005.648,2005.648,2005.648
2023-10-29,2004.135,2006.648,1996.814,2002.695
2023-10-30,2002.725,2006.685,1990.835,1995.445
2023-10-31,1995.338,2007.734,1978.735,1983.625
2023-11-01,1983.625,1991.898,1969.815,1985.025
2023-11-02,1984.995,1990.935,1978.775,1984.885
2023-11-03,1984.895,2003.968,1983.155,1992.058
2023-11-04,1992.058,1992.058,1992.058,1992.058
2023-11-05,1991.698,1992.748,1987.075,1988.415
2023-11-06,1988.405,1992.955,1975.725,1976.665
2023-11-07,1976.705,1976.985,1956.598,1968.808
2023-11-08,1968.798,1970.955,1947.325,1950.805
2023-11-09,1950.785,1965.498,1944.575,1959.055
2023-11-10,1959.055,1960.695,1932.865,1938.148
2023-11-11,1938.148,1938.148,1938.148,1938.148
2023-11-12,1938.165,1940.935,1933.845,1940.248
2023-11-13,1940.205,1949.115,1931.515,1946.445
2023-11-14,1946.455,1970.835,1937.978,1962.375
2023-11-15,1962.415,1975.148,1955.325,1960.305
2023-11-16,1960.275,1987.848,1956.365,1982.505
2023-11-17,1982.505,1993.335,1978.478,1980.398
2023-11-18,1980.398,1980.398,1980.398,1980.398
2023-11-19,1977.698,1978.664,1974.145,1974.515
2023-11-20,1974.505,1985.085,1965.355,1981.195
2023-11-21,1981.175,2007.475,1980.635,1999.255
2023-11-22,1999.215,2006.318,1986.805,1990.348
2023-11-23,1990.308,1998.408,1989.715,1994.025
2023-11-24,1994.065,2003.515,1991.338,2000.505
2023-11-25,2000.505,2000.505,2000.505,2000.505
2023-11-26,2000.995,2003.055,2000.398,2002.298
2023-11-27,2002.255,2018.085,2001.725,2015.115
2023-11-28,2015.115,2044.425,2011.478,2044.315
2023-11-29,2044.365,2051.865,2035.205,2044.595
2023-11-30,2044.605,2047.118,2031.258,2040.005
2023-12-01,2040.065,2075.265,2033.805,2071.668
2023-12-02,2071.668,2071.668,2071.668,2071.668
2023-12-03,2072.525,2145.135,2071.604,2117.915
2023-12-04,2118.065,2120.865,2019.925,2033.955
2023-12-05,2033.915,2041.155,2009.855,2018.875
2023-12-06,2018.855,2035.785,2018.665,2027.025
2023-12-07,2027.015,2039.778,2020.075,2028.015
2023-12-08,2028.015,2033.874,1994.555,2004.418
2023-12-09,2004.418,2004.418,2004.418,2004.418
2023-12-10,2002.794,2007.535,2002.484,2006.935
2023-12-11,2006.965,2007.705,1975.725,1982.895
2023-12-12,1982.845,1996.625,1977.115,1982.415
2023-12-13,1982.445,2033.025,1972.935,2032.765
2023-12-14,2032.735,2047.775,2027.445,2035.445
2023-12-15,2035.545,2044.815,2015.515,2019.485
2023-12-16,2019.485,2019.485,2019.485,2019.485
2023-12-17,2018.898,2020.675,2015.885,2017.345
2023-12-18,2017.345,2033.615,2015.925,2027.535
2023-12-19,2027.605,2046.905,2021.605,2040.865
2023-12-20,2040.815,2043.375,2027.258,2032.115
2023-12-21,2032.055,2054.875,2031.905,2052.675
2023-12-22,2052.695,2070.525,2046.715,2052.908
2023-12-23,2052.908,2052.908,2052.908,2052.908
2023-12-24,2052.908,2052.908,2052.908,2052.908
2023-12-25,2053.025,2057.655,2052.895,2054.775
2023-12-26,2054.765,2068.948,2053.385,2066.048
2023-12-27,2066.065,2084.345,2061.385,2079.435
2023-12-28,2079.505,2088.355,2064.448,2066.655
2023-12-29,2066.645,2074.645,2058.105,2062.688
2023-12-30,2062.688,2062.688,2062.688,2062.688
2023-12-31,2062.688,2062.688,2062.688,2062.688
2024-01-01,2062.598,2066.595,2062.405,2063.615
2024-01-02,2063.625,2078.825,2055.818,2059.455
2024-01-03,2059.475,2065.835,2030.515,2042.895
2024-01-04,2042.865,2050.855,2036.155,2044.098
2024-01-05,2044.128,2063.838,2024.255,2045.355
2024-01-06,2045.355,2045.355,2045.355,2045.355
2024-01-07,2044.385,2045.565,2042.805,2044.195
2024-01-08,2044.235,2046.525,2016.604,2030.665
2024-01-09,2030.665,2041.898,2026.015,2030.665
2024-01-10,2030.674,2040.135,2020.395,2026.695
2024-01-11,2026.735,2043.864,2013.225,2035.125
2024-01-12,2035.055,2062.145,2029.975,2048.675
2024-01-13,2048.675,2048.675,2048.675,2048.675
2024-01-14,2048.498,2048.605,2046.235,2047.505
2024-01-15,2047.525,2058.505,2045.675,2053.895
2024-01-16,2054.025,2054.435,2024.165,2028.045
2024-01-17,2028.055,2032.815,2001.755,2009.465
2024-01-18,2009.505,2024.555,2005.705,2023.675
2024-01-19,2023.675,2039.278,2020.325,2029.375
2024-01-20,2029.375,2029.375,2029.375,2029.375
2024-01-21,2029.715,2029.715,2026.848,2027.535
2024-01-22,2027.505,2032.005,2016.448,2020.635
2024-01-23,2020.695,2037.808,2019.515,2029.255
2024-01-24,2029.255,2036.575,2011.105,2016.265
2024-01-25,2016.305,2025.175,2009.455,2020.565
2024-01-26,2020.625,2026.715,2015.845,2017.915
2024-01-27,2017.915,2017.915,2017.915,2017.915
2024-01-28,2024.215,2028.384,2021.185,2021.775
2024-01-29,2021.855,2037.465,2019.195,2031.035
2024-01-30,2031.045,2048.448,2028.935,2036.335
2024-01-31,2036.365,2055.878,2031,2039.825
2024-02-01,2039.855,2065.348,2029.905,2054.745
2024-02-02,2054.725,2057.545,2027.635,2039.275
2024-02-03,2039.275,2039.275,2039.275,2039.275
2024-02-04,2040.054,2042.034,2038.854,2039.115
2024-02-05,2039.155,2039.745,2014.835,2025.005
2024-02-06,2025.005,2038.785,2022.795,2035.175
2024-02-07,2035.135,2044.465,2030.505,2036.395
2024-02-08,2036.395,2038.635,2020.095,2034.185
2024-02-09,2034.205,2037.058,2020.195,2024.155
2024-02-10,2024.155,2024.155,2024.155,2024.155
2024-02-11,2023.495,2026.708,2023.194,2025.345
2024-02-12,2025.375,2027.505,2011.795,2018.845
2024-02-13,2018.785,2032.845,1989.985,1991.435
2024-02-14,1991.425,1996.025,1984.088,1993.645
2024-02-15,1993.685,2008.175,1990.175,2003.345
2024-02-16,2003.445,2015.095,1994.985,2013.055
2024-02-17,2013.055,2013.055,2013.055,2013.055
2024-02-18,2014.595,2016.245,2009.935,2013.695
2024-02-19,2013.644,2022.895,2013.185,2016.085
2024-02-20,2016.115,2030.765,2014.945,2024.095
2024-02-21,2024.155,2032.195,2019.915,2025.658
2024-02-22,2025.658,2034.708,2019.555,2024.615
2024-02-23,2024.665,2041.285,2015.955,2035.215
2024-02-24,2035.215,2035.215,2035.215,2035.215
2024-02-25,2034.295,2034.865,2032.638,2033.935
2024-02-26,2033.975,2036.965,2024.975,2031.205
2024-02-27,2031.185,2039.375,2028.725,2030.025
2024-02-28,2030.075,2037.805,2024.355,2034.518
2024-02-29,2034.575,2050.605,2028.015,2044.185
2024-03-01,2044.165,2088.215,2038.915,2082.395
2024-03-02,2082.395,2082.395,2082.395,2082.395
2024-03-03,2081.835,2086.145,2081.835,2083.445
2024-03-04,2083.445,2119.805,2079.308,2114.475
2024-03-05,2114.455,2141.748,2110.375,2127.945
2024-03-06,2127.945,2152.085,2123.615,2147.275
2024-03-07,2147.205,2164.635,2144.048,2161.865
2024-03-08,2161.865,2195.085,2153.895,2178.965
2024-03-09,2178.965,2178.965,2178.965,2178.965
2024-03-10,2179.015,2183.735,2177.005,2181.545
2024-03-11,2181.585,2188.925,2174.695,2183.555
2024-03-12,2183.555,2184.425,2150.455,2156.885
2024-03-13,2156.905,2179.745,2156.555,2175.345
2024-03-14,2175.315,2176.848,2152.665,2161.555
2024-03-15,2161.595,2172.615,2155.115,2155.625
2024-03-16,2155.625,2155.625,2155.625,2155.625
2024-03-17,2155.395,2156.768,2151.435,2156.428
2024-03-18,2156.428,2163.455,2145.985,2162.035
2024-03-19,2162.085,2162.745,2147.045,2156.965
2024-03-20,2156.985,2222.875,2149.475,2203.855
2024-03-21,2203.875,2212.275,2166.264,2181.735
2024-03-22,2181.735,2185.965,2157.035,2165.055
2024-03-23,2165.055,2165.055,2165.055,2165.055
2024-03-24,2165.475,2168.795,2165.085,2168.275
2024-03-25,2168.335,2181.205,2163.455,2172.815
2024-03-26,2172.795,2199.995,2167.458,2179.358
2024-03-27,2179.365,2197.505,2173.275,2190.545
2024-03-28,2190.565,2236.015,2187.225,2232.698
2024-03-29,2232.698,2232.698,2232.698,2232.698
2024-03-30,2232.698,2232.698,2232.698,2232.698
2024-03-31,2238.435,2247.265,2234.845,2245.885
2024-04-01,2245.935,2265.585,2228.395,2248.885
2024-04-02,2248.865,2288.185,2246.585,2279.845
2024-04-03,2279.674,2302.555,2265.405,2297.445
2024-04-04,2297.515,2305.425,2279.688,2288.635
2024-04-05,2288.675,2330.345,2267.605,2328.195
2024-04-06,2328.195,2328.195,2328.195,2328.195
2024-04-07,2323.125,2328.255,2303.705,2311.115
2024-04-08,2311.195,2353.835,2302.755,2338.685
2024-04-09,2338.685,2365.185,2337.725,2354.775
2024-04-10,2354.715,2360.065,2319.265,2335.435
2024-04-11,2335.495,2379.455,2325.655,2376.725
2024-04-12,2376.965,2431.385,2333.755,2343.285
2024-04-13,2343.285,2343.285,2343.285,2343.285
2024-04-14,2352.098,2372.435,2346.735,2364.585
2024-04-15,2364.645,2392.035,2323.858,2381.825
2024-04-16,2381.744,2398.128,2362.844,2382.575
2024-04-17,2382.585,2395.448,2354.435,2367.815
2024-04-18,2367.815,2392.624,2363.965,2379.795
2024-04-19,2379.685,2417.745,2372.805,2390.295
2024-04-20,2390.295,2390.295,2390.295,2390.295
2024-04-21,2387.635,2388.425,2381.275,2386.405
2024-04-22,2386.405,2386.455,2324.555,2333.665
2024-04-23,2333.595,2334.305,2291.265,2323.155
2024-04-24,2323.215,2337.128,2311.635,2316.085
2024-04-25,2316.085,2344.708,2304.898,2330.545
2024-04-26,2330.535,2352.418,2326.165,2337.245
2024-04-27,2337.245,2337.245,2337.245,2337.245
2024-04-28,2336.065,2337.095,2332.405,2335.845
2024-04-29,2335.775,2346.585,2319.728,2333.025
2024-04-30,2333.005,2336.055,2284.975,2291.265
2024-05-01,2291.185,2328.225,2281.515,2323.638
2024-05-02,2323.678,2326.325,2285.358,2304.115
2024-05-03,2304.115,2320.548,2277.165,2301.175
2024-05-04,2301.175,2301.175,2301.175,2301.175
2024-05-05,2304.655,2305.855,2293.185,2293.875
2024-05-06,2293.875,2331.988,2291.645,2325.935
2024-05-07,2325.975,2329.788,2309.818,2315.105
2024-05-08,2315.125,2321.345,2303.555,2308.695
2024-05-09,2308.795,2348.245,2306.615,2346.404
2024-05-10,2346.495,2378.365,2345.865,2360.175
2024-05-11,2360.175,2360.175,2360.175,2360.175
2024-05-12,2362.895,2363.995,2359.625,2360.278
2024-05-13,2360.325,2364.355,2331.985,2338.275
2024-05-14,2338.275,2359.558,2334.695,2355.695
2024-05-15,2355.695,2391.815,2351.735,2391.715
2024-05-16,2391.755,2397.275,2370.845,2377.705
2024-05-17,2377.785,2422.575,2373.788,2414.525
2024-05-18,2414.525,2414.525,2414.525,2414.525
2024-05-19,2417.098,2425.195,2416.715,2420.185
2024-05-20,2420.185,2449.985,2407.145,2426.105
2024-05-21,2426.115,2433.838,2406.158,2421.494
2024-05-22,2421.564,2426.344,2374.855,2382.105
2024-05-23,2382.115,2383.605,2326.848,2331.908
2024-05-24,2331.908,2347.325,2325.265,2333.405
2024-05-25,2333.405,2333.405,2333.405,2333.405
2024-05-26,2336.365,2340.588,2332.125,2337.105
2024-05-27,2337.135,2358.388,2334.328,2352.365
2024-05-28,2352.365,2363.975,2340.155,2359.685
2024-05-29,2359.495,2361.275,2334.438,2338.285
2024-05-30,2338.235,2351.698,2322.458,2343.864
2024-05-31,2343.865,2359.598,2320.395,2326.995
2024-06-01,2326.995,2326.995,2326.995,2326.995
2024-06-02,2327.425,2329.315,2323.205,2325.748
2024-06-03,2325.795,2354.565,2314.635,2350.488
2024-06-04,2350.485,2352.645,2315.508,2328.668
2024-06-05,2328.678,2357.785,2325.785,2354.935
2024-06-06,2354.935,2378.408,2353.305,2376.718
2024-06-07,2376.675,2387.595,2286.628,2293.415
2024-06-08,2293.415,2293.415,2293.415,2293.415
2024-06-09,2294.415,2300.038,2288.755,2298.328
2024-06-10,2298.315,2313.655,2287.665,2309.798
2024-06-11,2309.825,2319.865,2297.595,2315.008
2024-06-12,2315.055,2341.495,2310.584,2320.448
2024-06-13,2320.445,2326.495,2295.395,2302.208
2024-06-14,2302.145,2336.575,2301.415,2332.184
2024-06-15,2332.184,2332.184,2332.184,2332.184
2024-06-16,2331.098,2332.488,2327.228,2328.748
2024-06-17,2328.748,2328.815,2309.895,2320.545
2024-06-18,2320.545,2333.008,2306.465,2328.195
2024-06-19,2328.215,2334.868,2323.984,2329.265
2024-06-20,2329.285,2365.375,2327.628,2360.715
2024-06-21,2360.728,2368.558,2316.588,2321.755
2024-06-22,2321.755,2321.755,2321.755,2321.755
2024-06-23,2322.775,2322.775,2317.575,2319.085
2024-06-24,2318.995,2334.595,2317.818,2330.755
2024-06-25,2330.815,2337.018,2315.405,2319.898
2024-06-26,2319.845,2323.738,2293.464,2298.258
2024-06-27,2298.288,2330.825,2296.425,2327.588
2024-06-28,2327.618,2339.635,2318.905,2326.275
2024-06-29,2326.275,2326.275,2326.275,2326.275
2024-06-30,2326.315,2326.775,2322.505,2324.825
2024-07-01,2324.815,2338.388,2318.395,2332.138
2024-07-02,2332.095,2336.668,2318.945,2330.138
2024-07-03,2330.115,2364.795,2326.685,2358.675
2024-07-04,2358.725,2362.385,2350.364,2356.655
2024-07-05,2356.655,2392.815,2347.515,2390.705
2024-07-06,2390.705,2390.705,2390.705,2390.705
2024-07-07,2385.498,2390.008,2384.625,2385.938
2024-07-08,2385.915,2390.935,2350.915,2361.655
2024-07-09,2361.645,2371.358,2349.455,2364.918
2024-07-10,2364.828,2386.548,2363.168,2372.694
2024-07-11,2372.708,2424.395,2371.375,2415.875
2024-07-12,2415.875,2418.128,2391.325,2410.534
2024-07-13,2410.534,2410.534,2410.534,2410.534
2024-07-14,2412.455,2414.855,2405.525,2408.545
2024-07-15,2408.575,2439.628,2401.225,2422.435
2024-07-16,2422.435,2469.865,2419.835,2468.175
2024-07-17,2468.148,2483.548,2451.425,2461.215
2024-07-18,2461.215,2474.805,2440.195,2441.148
2024-07-19,2441.148,2441.218,2393.675,2400.485
2024-07-20,2400.485,2400.485,2400.485,2400.485
2024-07-21,2401.298,2411.815,2400.875,2411.435
2024-07-22,2411.435,2412.035,2383.715,2395.565
2024-07-23,2395.555,2411.908,2388.135,2408.408
2024-07-24,2408.408,2431.945,2392.895,2398.595
2024-07-25,2398.645,2399.935,2353.005,2363.635
2024-07-26,2363.685,2390.655,2355.728,2386.765
2024-07-27,2386.765,2386.765,2386.765,2386.765
2024-07-28,2387.645,2402.995,2387.115,2396.875
2024-07-29,2396.935,2402.395,2369.518,2380.988
2024-07-30,2381.095,2412.705,2376.358,2409.675
2024-07-31,2409.715,2450.848,2403.765,2445.638
2024-08-01,2445.615,2462.125,2430.075,2445.705
2024-08-02,2445.705,2477.494,2410.664,2443.055
2024-08-03,2443.055,2443.055,2443.055,2443.055
2024-08-04,2443.975,2447.345,2437.574,2440.865
2024-08-05,2440.865,2458.655,2364.164,2404.675
2024-08-06,2404.695,2418.215,2381.515,2383.748
2024-08-07,2383.735,2406.858,2378.868,2384.685
2024-08-08,2384.715,2427.848,2383.085,2424.445
2024-08-09,2424.485,2436.884,2416.815,2430.925
2024-08-10,2430.925,2430.925,2430.925,2430.925
2024-08-11,2430.298,2433.305,2426.835,2427.765
2024-08-12,2427.835,2475.855,2423.695,2475.425
2024-08-13,2475.445,2476.845,2458.365,2463.975
2024-08-14,2463.985,2479.715,2438,2449.295
2024-08-15,2449.315,2469.945,2432.015,2457.195
2024-08-16,2457.225,2509.638,2450.565,2506.844
2024-08-17,2506.844,2506.844,2506.844,2506.844
2024-08-18,2508.298,2509.998,2502.148,2506.305
2024-08-19,2506.325,2507.345,2485.515,2503.515
2024-08-20,2503.615,2531.558,2497.235,2512.795
2024-08-21,2512.795,2519.795,2493.698,2512.585
2024-08-22,2512.635,2514.545,2470.705,2487.475
2024-08-23,2487.475,2518.195,2486.355,2512.235
2024-08-24,2512.235,2512.235,2512.235,2512.235
2024-08-25,2511.275,2516.585,2510.105,2515.785
2024-08-26,2515.795,2526.708,2508.585,2515.335
2024-08-27,2515.355,2528.888,2503.325,2525.178
2024-08-28,2525.155,2525.725,2493.515,2508.094
2024-08-29,2508.094,2528.558,2503.515,2519.435
2024-08-30,2519.455,2526.725,2494.048,2502.925
2024-08-31,2502.925,2502.925,2502.925,2502.925
2024-09-01,2502.435,2504.545,2501.195,2502.885
2024-09-02,2502.875,2507.125,2489.915,2497.175
2024-09-03,2497.155,2506.165,2473.245,2493.155
2024-09-04,2493.115,2500.145,2471.718,2495.695
2024-09-05,2495.768,2523.448,2493.665,2517.125
2024-09-06,2517.155,2529.125,2485.015,2497.035
2024-09-07,2497.035,2497.035,2497.035,2497.035
2024-09-08,2497.098,2498.124,2495.415,2496.745
2024-09-09,2496.775,2507.515,2485.405,2506.625
2024-09-10,2506.665,2518.688,2500.024,2518.555
2024-09-11,2518.498,2528.885,2500.825,2511.778
2024-09-12,2511.775,2559.978,2510.885,2558.344
2024-09-13,2558.334,2585.965,2556.625,2577.615
2024-09-14,2577.615,2577.615,2577.615,2577.615
2024-09-15,2578.725,2580.464,2577.384,2579.025
2024-09-16,2579.015,2589.515,2575.115,2583.545
2024-09-17,2583.535,2586.835,2560.984,2573.885
2024-09-18,2573.875,2599.995,2546.645,2559.175
2024-09-19,2559.185,2594.775,2551.005,2587.135
2024-09-20,2587.125,2625.574,2584.654,2621.504
2024-09-21,2621.504,2621.504,2621.504,2621.504
2024-09-22,2620.915,2622.615,2617.984,2620.165
2024-09-23,2620.155,2634.715,2613.685,2626.205
2024-09-24,2626.235,2664.204,2622.475,2658.035
2024-09-25,2658.035,2670.348,2649.715,2656.188
2024-09-26,2656.184,2685.405,2654.685,2672.495
2024-09-27,2672.495,2674.134,2643.111,2657.955
2024-09-28,2657.955,2657.955,2657.955,2657.955
2024-09-29,2657.935,2664.905,2657.025,2663.418
2024-09-30,2663.418,2665.858,2624.538,2635.595
2024-10-01,2635.595,2672.908,2633.815,2660.218
2024-10-02,2660.195,2663.194,2640.954,2660.135
2024-10-03,2660.135,2662.775,2636.255,2655.615
2024-10-04,2655.655,2670.065,2632.068,2653.545
2024-10-05,2653.545,2653.545,2653.545,2653.545
2024-10-06,2650.375,2652.615,2648.875,2650.055
2024-10-07,2650.125,2659.465,2637.688,2642.855
2024-10-08,2642.895,2652.885,2604.575,2621.865
2024-10-09,2621.835,2624.165,2605.045,2608.645
2024-10-10,2606.925,2635.855,2601.734,2633.005
2024-10-11,2633.065,2661.258,2631.975,2656.835
2024-10-12,2656.835,2656.835,2656.835,2656.835
2024-10-13,2656.298,2656.775,2644.985,2647.865
2024-10-14,2647.935,2666.705,2643.058,2649.255
2024-10-15,2649.255,2668.805,2637.955,2660.345
2024-10-16,2660.275,2685.298,2658.558,2673.998
2024-10-17,2674.035,2696.605,2672.914,2693.635
2024-10-18,2693.665,2722.405,2692.745,2721.105
2024-10-19,2721.105,2721.105,2721.105,2721.105
2024-10-20,2720.098,2724.915,2719.448,2723.315
2024-10-21,2723.395,2740.418,2714.165,2721.325
2024-10-22,2721.325,2748.775,2720.505,2746.408
2024-10-23,2746.385,2758.338,2708.635,2721.178
2024-10-24,2721.165,2743.175,2717.704,2733.688
2024-10-25,2733.658,2747.635,2716.885,2746.625
2024-10-26,2746.625,2746.625,2746.625,2746.625
2024-10-27,2735.698,2740.095,2730.115,2735.655
2024-10-28,2735.695,2745.788,2724.545,2744.285
2024-10-29,2744.315,2775.265,2743.115,2774.885
2024-10-30,2774.925,2789.925,2770.795,2785.258
2024-10-31,2785.274,2790.005,2731.415,2746.545
2024-11-01,2746.545,2762.048,2733.095,2735.895
2024-11-02,2735.895,2735.895,2735.895,2735.895
2024-11-03,2733.298,2740.215,2730,2738.235
2024-11-04,2738.205,2748.015,2731.638,2735.855
2024-11-05,2735.895,2749.875,2724.695,2745.495
2024-11-06,2745.485,2749.605,2652.295,2663.875
2024-11-07,2663.885,2710.244,2643.134,2706.785
2024-11-08,2706.735,2710.235,2680.215,2684.035
2024-11-09,2684.035,2684.035,2684.035,2684.035
2024-11-10,2683.898,2685.515,2678.898,2685.465
2024-11-11,2685.495,2686.025,2610.515,2623.855
2024-11-12,2623.855,2627.015,2589.508,2598.775
2024-11-13,2598.805,2618.628,2569.175,2570.694
2024-11-14,2570.698,2577.315,2536.664,2566.775
2024-11-15,2566.745,2575.908,2554.335,2562.715
2024-11-16,2562.715,2562.715,2562.715,2562.715
2024-11-17,2564.258,2575.338,2563.835,2571.255
2024-11-18,2571.245,2614.955,2569.735,2612.435
2024-11-19,2612.495,2639.325,2610.905,2635.015
2024-11-20,2635.015,2655.275,2618.705,2652.025
2024-11-21,2652.055,2673.385,2650.284,2669.018
2024-11-22,2669.008,2716.165,2668.718,2715.805
2024-11-23,2715.805,2715.805,2715.805,2715.805
2024-11-24,2713.375,2721.185,2691.251,2719.725
2024-11-25,2719.705,2719.975,2605.085,2610.355
2024-11-26,2610.365,2641.774,2608.498,2632.105
2024-11-27,2632.145,2658.098,2626.935,2636.935
2024-11-28,2637.005,2649.518,2620.815,2638.615
2024-11-29,2638.615,2666.195,2633.925,2649.945
2024-11-30,2649.945,2649.945,2649.945,2649.945
2024-12-01,2653.075,2653.115,2642.975,2645.595
2024-12-02,2645.748,2651.648,2622,2642.095
2024-12-03,2642.145,2655.528,2633.965,2642.595
2024-12-04,2642.605,2656.998,2632.315,2650.178
2024-12-05,2650.208,2655.445,2623.385,2633.635
2024-12-06,2633.625,2645.535,2612.585,2632.664
2024-12-07,2632.664,2632.664,2632.664,2632.664
2024-12-08,2646.52,2648.105,2636.148,2639.935
2024-12-09,2639.925,2676.255,2627.455,2660.435
2024-12-10,2660.415,2698.195,2657.805,2695.798
2024-12-11,2695.835,2721.005,2674.345,2719.835
2024-12-12,2716.445,2717.325,2713.725,2715.505
2024-12-13,2680.534,2692.595,2645.945,2647.385
2024-12-14,2647.385,2647.385,2647.385,2647.385
2024-12-15,2649.098,2652.845,2648.548,2651.345
2024-12-16,2651.285,2664.248,2643.374,2651.565
2024-12-17,2651.565,2658.465,2632.795,2647.198
2024-12-18,2647.165,2651.525,2582.264,2587.948
2024-12-19,2587.948,2626.325,2586.815,2593.385
2024-12-20,2593.365,2631.698,2589.475,2622.435
2024-12-21,2622.435,2622.435,2622.435,2622.435
2024-12-22,2623.698,2624.545,2621.224,2624.098
2024-12-23,2624.245,2633.135,2608.055,2615.348
2024-12-24,2615.348,2621.205,2609.935,2616.348
2024-12-25,2619.205,2619.825,2614.248,2618.205
2024-12-26,2618.274,2638.975,2618.205,2632.478
2024-12-27,2632.348,2638.105,2611.285,2621.348
2024-12-28,2621.348,2621.348,2621.348,2621.348
2024-12-29,2620.154,2625.998,2618.914,2623.748
2024-12-30,2623.904,2627.985,2595.905,2606.548
2024-12-31,2606.504,2627.364,2602.475,2624.255
2025-01-01,2625.098,2626.005,2621.475,2623.555
2025-01-02,2623.655,2660.375,2622.448,2658.295
2025-01-03,2658.275,2665.185,2636.625,2639.898
2025-01-04,2639.898,2639.898,2639.898,2639.898
2025-01-05,2639.298,2642.235,2638.815,2640.848
2025-01-06,2640.835,2649.305,2614.365,2634.465
2025-01-07,2634.548,2664.098,2632.775,2649.555
2025-01-08,2649.465,2669.844,2645.095,2662.475
2025-01-09,2662.475,2678.395,2655.305,2669.795
2025-01-10,2669.865,2697.709,2663.205,2689.755
2025-01-11,2689.755,2689.755,2689.755,2689.755
2025-01-12,2690.155,2690.868,2687.189,2690.868
2025-01-13,2690.819,2693.245,2656.615,2667.675
2025-01-14,2667.675,2679.198,2659.645,2675.415
2025-01-15,2675.455,2697.448,2669.315,2694.625
2025-01-16,2694.625,2724.565,2689.725,2714.448
2025-01-17,2714.355,2717.375,2698.445,2702.645
2025-01-18,2702.645,2702.645,2702.645,2702.645
2025-01-19,2701.105,2702.765,2690.875,2696.245
2025-01-20,2696.185,2713.655,2689.308,2710.205
2025-01-21,2710.179,2745.848,2702.745,2744.058
2025-01-22,2744.058,2763.205,2742.455,2755.188
2025-01-23,2755.098,2758.655,2735.665,2754.365
2025-01-24,2754.375,2785.825,2754.075,2769.805
2025-01-25,2769.805,2769.805,2769.805,2769.805
2025-01-26,2770.305,2770.405,2764.455,2767.285
2025-01-27,2767.278,2772.415,2730.529,2741.615
2025-01-28,2741.615,2764.875,2734.738,2762.545
2025-01-29,2762.575,2765.985,2745,2760.035
2025-01-30,2760.035,2798.305,2758.475,2795.965
2025-01-31,2795.948,2816.935,2790.895,2798.085
2025-02-01,2798.085,2798.085,2798.085,2798.085
2025-02-02,2793.987,2803.148,2782.548,2792.545
2025-02-03,2792.108,2830.305,2771.885,2813.548
2025-02-04,2813.525,2845.335,2806.925,2841.035
2025-02-05,2841.095,2882.215,2839.335,2868.985
2025-02-06,2868.985,2873.085,2833.955,2857.835
2025-02-07,2857.845,2886.605,2852.085,2860.135
2025-02-08,2860.135,2860.135,2860.135,2860.135
2025-02-09,2858.065,2870.305,2854.448,2867.198
2025-02-10,2867.198,2921.455,2865.558,2917.655
2025-02-11,2917.685,2942.665,2881.635,2898.375
2025-02-12,2898.375,2909.035,2863.685,2905.498
2025-02-13,2905.498,2932.215,2901.188,2930.935
2025-02-14,2930.935,2939.935,2876.805,2882.085
2025-02-15,2882.085,2882.085,2882.085,2882.085
2025-02-16,2881.745,2893.405,2878.015,2879.075
2025-02-17,2879.095,2906.215,2879.095,2899.175
2025-02-18,2899.135,2936.825,2891.775,2933.778
2025-02-19,2933.778,2946.865,2918.365,2935.085
2025-02-20,2935.125,2954.755,2923.945,2941.205
2025-02-21,2941.255,2949.545,2916.615,2934.955
2025-02-22,2934.955,2934.955,2934.955,2934.955
2025-02-23,2934.815,2940.068,2933.198,2936.635
2025-02-24,2936.485,2956.035,2921.055,2949.795
2025-02-25,2949.745,2952.405,2888.085,2918.405
2025-02-26,2918.485,2929.995,2890.588,2918.995
2025-02-27,2918.975,2918.975,2867.565,2875.815
2025-02-28,2875.825,2884.925,2832.455,2856.998
2025-03-01,2856.998,2856.998,2856.998,2856.998
2025-03-02,2855.205,2876.905,2855.075,2870.608
2025-03-03,2870.608,2894.985,2858.735,2890.625
2025-03-04,2890.605,2927.715,2881.648,2914.075
2025-03-05,2913.945,2929.748,2894.145,2918.165
2025-03-06,2918.145,2926.425,2890.815,2910.058
2025-03-07,2910.058,2930.185,2895.698,2909.355
2025-03-08,2909.355,2909.355,2909.355,2909.355
2025-03-09,2910.905,2916.678,2909.475,2915.908
2025-03-10,2915.908,2918.125,2879.935,2884.405
2025-03-11,2884.475,2922.048,2879.938,2915.148
2025-03-12,2915.148,2940.348,2905.755,2937.925
2025-03-13,2937.925,2989.785,2932.768,2986.195
2025-03-14,2986.175,3004.725,2978.085,2983.795
2025-03-15,2983.795,2983.795,2983.795,2983.795
2025-03-16,2984.285,2993.905,2983.048,2989.915
2025-03-17,2989.915,3002.665,2981.975,2999.518
2025-03-18,2999.508,3038.058,2999.258,3031.528
2025-03-19,3031.565,3051.758,3022.315,3049.875
2025-03-20,3049.895,3057.245,3025.428,3046.245
2025-03-21,3046.245,3047.265,2999.268,3022.705
2025-03-22,3022.705,3022.705,3022.705,3022.705
2025-03-23,3020.155,3026.045,3020.155,3024.515
2025-03-24,3024.448,3033.135,3002.145,3009.595
2025-03-25,3009.615,3035.905,3007.315,3020.775
2025-03-26,3020.765,3031.945,3012.125,3021.395
2025-03-27,3021.368,3059.518,3021.355,3055.275
2025-03-28,3055.185,3086.725,3054.685,3083.898
2025-03-29,3083.898,3083.898,3083.898,3083.898
2025-03-30,3086.498,3097.715,3085.355,3088.898
2025-03-31,3088.845,3127.825,3076.485,3120.348
2025-04-01,3120.265,3148.835,3100.665,3114.998
2025-04-02,3114.998,3167.548,3104.175,3162.475
2025-04-03,3162.455,3164.575,3053.935,3112.625
2025-04-04,3112.645,3136.435,3015.335,3037.998
2025-04-05,3037.998,3037.998,3037.998,3037.998
2025-04-06,3006.765,3032.185,2976.585,2999.548
2025-04-07,2999.548,3055.18,2956.125,2981.075
2025-04-08,2980.985,3022.485,2969.605,2978.265
2025-04-09,2978.435,3099.465,2971.745,3086.495
2025-04-10,3086.495,3191.045,3078.105,3188.775
2025-04-11,3188.755,3245.025,3184.665,3236.375
2025-04-12,3236.375,3236.375,3236.375,3236.375
2025-04-13,3229.155,3229.205,3209.205,3223.545
2025-04-14,3223.575,3245.515,3193.315,3212.395
2025-04-15,3212.375,3251.665,3209.685,3251.665
2025-04-16,3251.655,3357.455,3251.455,3349.885
2025-04-17,3349.925,3356.065,3283.345,3326.925
2025-04-18,3326.925,3326.925,3326.925,3326.925
2025-04-19,3326.925,3326.925,3326.925,3326.925
2025-04-20,3331.835,3352.965,3327.985,3347.975
2025-04-21,3348.295,3444.045,3347.285,3434.954
2025-04-22,3434.986,3499.915,3312.625,3336.315
2025-04-23,3336.345,3386.375,3259.485,3316.145
2025-04-24,3316.165,3370.065,3306.245,3348.745
2025-04-25,3348.755,3362.685,3264.785,3318.625
2025-04-26,3318.625,3318.625,3318.625,3318.625
2025-04-27,3324.265,3335.995,3298.275,3302.415
2025-04-28,3302.485,3352.835,3267.765,3337.325
2025-04-29,3337.285,3339.665,3299.325,3316.775
2025-04-30,3316.825,3327.865,3266.875,3272.545
2025-05-01,3272.575,3276.095,3201.685,3236.955
2025-05-02,3237.129,3268.805,3222.395,3239.415
2025-05-03,3239.415,3239.415,3239.415,3239.415
2025-05-04,3239.195,3252.115,3236.745,3247.745
2025-05-05,3247.775,3337.495,3240.885,3333.765
2025-05-06,3333.665,3437.655,3321.108,3400.385
2025-05-07,3400.495,3401.075,3359.735,3376.015
2025-05-08,3376.259,3414.705,3288.445,3316.025
2025-05-09,3316.065,3347.365,3274.295,3323.345
2025-05-10,3323.345,3323.345,3323.345,3323.345
2025-05-11,3271.805,3292.675,3265.485,3287.315
2025-05-12,3287.375,3289.675,3207.495,3236.585
2025-05-13,3236.585,3265.405,3215.535,3253.925
2025-05-14,3254.145,3254.305,3167.545,3185.815
2025-05-15,3185.815,3251.805,3120.205,3236.845
2025-05-16,3236.815,3244.245,3153.475,3202.465
2025-05-17,3202.465,3202.465,3202.465,3202.465
2025-05-18,3218.455,3245.025,3205.785,3234.265
2025-05-19,3234.295,3249.505,3206.305,3222.195
2025-05-20,3222.225,3303.765,3204.205,3290.435
2025-05-21,3290.385,3324.748,3285.105,3319.835
2025-05-22,3320.075,3345.198,3278.789,3299.748
2025-05-23,3299.825,3365.798,3286.765,3356.575
2025-05-24,3356.575,3356.575,3356.575,3356.575
2025-05-25,3355.698,3356.085,3340.905,3342.298
2025-05-26,3342.425,3356.598,3323.298,3345.945
2025-05-27,3345.915,3349.748,3284.159,3309.148
2025-05-28,3309.148,3325.318,3249.725,3259.548
2025-05-29,3259.548,3330.775,3245.198,3315.395
2025-05-30,3315.395,3322.448,3271.095,3288.865
2025-05-31,3288.865,3288.865,3288.865,3288.865
2025-06-01,3298.375,3316.448,3295.208,3309.935
2025-06-02,3309.955,3391.935,3301.195,3387.198
2025-06-03,3387.225,3388.398,3332.575,3359.698
2025-06-04,3359.698,3384.495,3343.448,3377.935
2025-06-05,3377.865,3403.178,3339.048,3361.648
2025-06-06,3361.648,3375.348,3306.915,3309.625
2025-06-07,3309.625,3309.625,3309.625,3309.625
2025-06-08,3311.395,3320.985,3309.018,3317.798
2025-06-09,3317.905,3338.065,3293.198,3326.555
2025-06-10,3326.575,3348.895,3301.698,3327.755
2025-06-11,3327.825,3373.168,3319.405,3365.265
2025-06-12,3365.165,3398.745,3338.385,3395.545
2025-06-13,3395.425,3446.648,3391.465,3431.855
2025-06-14,3431.855,3431.855,3431.855,3431.855
2025-06-15,3451.065,3451.065,3428.075,3444.015
2025-06-16,3443.998,3451.085,3382.525,3402.598
2025-06-17,3402.635,3403.098,3365.835,3387.155
2025-06-18,3387.098,3399.845,3362.355,3374.885
2025-06-19,3374.925,3387.798,3347.265,3368.585
2025-06-20,3368.585,3374.265,3340.175,3368.005
2025-06-21,3368.005,3368.005,3368.005,3368.005
2025-06-22,3390.698,3396.648,3370.898,3372.498
2025-06-23,3372.455,3393.348,3341.095,3343.898
2025-06-24,3343.998,3357.615,3295.098,3324.015
2025-06-25,3323.975,3340.015,3311.705,3338.805
2025-06-26,3338.835,3350.025,3309.695,3318.498
2025-06-27,3318.395,3321.845,3255.485,3273.335
2025-06-28,3273.335,3273.335,3273.335,3273.335
2025-06-29,3272.145,3281.298,3244.925,3263.585
2025-06-30,3263.555,3314.398,3259.195,3312.298
2025-07-01,3312.249,3357.865,3309.675,3337.875
2025-07-02,3337.935,3365.455,3327.275,3349.098
2025-07-03,3349.115,3363.545,3311.215,3330.648
2025-07-04,3330.565,3344.905,3325.615,3336.248
2025-07-05,3336.248,3336.248,3336.248,3336.248
2025-07-06,3334.015,3342.348,3326.065,3328.655
2025-07-07,3328.685,3345.548,3296.195,3334.398
2025-07-08,3334.398,3339.285,3286.905,3301.995
2025-07-09,3302.005,3320.955,3282.425,3317.425
2025-07-10,3317.445,3330.085,3309.905,3323.555
2025-07-11,3323.505,3368.559,3323.345,3354.725
2025-07-12,3354.725,3354.725,3354.725,3354.725
2025-07-13,3362.948,3373.705,3358.698,3367.498
2025-07-14,3367.498,3374.805,3340.755,3345.048
2025-07-15,3345.035,3366.148,3320.055,3330.798
2025-07-16,3330.825,3377.185,3319.499,3346.275
2025-07-17,3346.248,3347.165,3309.575,3340.055
2025-07-18,3340.095,3361.035,3331.645,3349.655
2025-07-19,3349.655,3349.655,3349.655,3349.655
2025-07-20,3349.898,3350.015,3344.798,3348.898
2025-07-21,3348.835,3402.475,3347.418,3396.298
2025-07-22,3396.298,3433.279,3383.115,3427.305
2025-07-23,3427.305,3438.655,3381.215,3389.885
2025-07-24,3389.985,3393.165,3351.168,3369.148
2025-07-25,3369.145,3373.295,3324.805,3335.575
2025-07-26,3335.575,3335.575,3335.575,3335.575
2025-07-27,3316.938,3337.148,3316.938,3333.398
2025-07-28,3333.395,3345.145,3301.465,3312.405
2025-07-29,3312.385,3333.908,3307.815,3327.198
2025-07-30,3327.175,3333.815,3267.955,3285.075
2025-07-31,3285.045,3314.705,3282.535,3288.355
2025-08-01,3288.375,3363.425,3281.435,3362.425
2025-08-02,3362.425,3362.425,3362.425,3362.425
2025-08-03,3364.698,3369.085,3354.315,3361.805
2025-08-04,3361.785,3385.205,3344.748,3377.198
2025-08-05,3377.198,3390.289,3349.639,3383.065
2025-08-06,3383.005,3385.098,3358.015,3369.905
2025-08-07,3369.935,3408.675,3364.895,3400.109
2025-08-08,3400.119,3404.213,3373.288,3398.579
2025-08-09,3398.579,3398.579,3398.579,3398.579
2025-08-10,3397.298,3404.798,3389.359,3391.255
2025-08-11,3391.275,3391.425,3340.808,3348.848
2025-08-12,3348.848,3359.198,3330.898,3350.435
2025-08-13,3350.435,3370.505,3342.439,3362.565
2025-08-14,3362.565,3374.555,3329.645,3335.248
2025-08-15,3335.245,3348.595,3332.155,3334.645
2025-08-16,3334.645,3334.645,3334.645,3334.645
2025-08-17,3336.015,3338.848,3323.335,3326.895
2025-08-18,3326.945,3358.215,3326.625,3330.745
2025-08-19,3330.725,3345.165,3312.665,3314.135
2025-08-20,3313.935,3351.935,3311.255,3346.765
2025-08-21,3346.735,3347.935,3324.948,3338.185
2025-08-22,3338.145,3378.585,3321.045,3371.235
2025-08-23,3371.235,3371.235,3371.235,3371.235
2025-08-24,3370.835,3371.698,3365.685,3368.865
2025-08-25,3368.845,3376.135,3351.435,3354.648
2025-08-26,3354.725,3394.195,3351.175,3390.648
2025-08-27,3390.575,3399.175,3373.665,3395.465
2025-08-28,3395.485,3423.069,3384.445,3414.508
2025-08-29,3414.508,3453.565,3404.185,3446.805
2025-08-30,3446.805,3446.805,3446.805,3446.805
2025-08-31,3445.648,3452.255,3441.825,3447.685
2025-09-01,3447.685,3489.595,3436.548,3478.965
2025-09-02,3478.915,3539.849,3469.805,3529.698
2025-09-03,3529.698,3578.175,3526.508,3560.175
2025-09-04,3560.215,3563.148,3510.425,3552.415
2025-09-05,3552.395,3599.905,3544.605,3585.195
2025-09-06,3585.195,3585.195,3585.195,3585.195
2025-09-07,3582.104,3596.349,3577.698,3590.798
2025-09-08,3590.798,3646.115,3579.365,3634.735
2025-09-09,3634.695,3673.645,3618.505,3633.355
2025-09-10,3633.385,3657.238,3619.965,3644.685
2025-09-11,3644.705,3648.895,3611.465,3631.595
2025-09-12,3631.575,3656.435,3630.295,3642.635
2025-09-13,3642.635,3642.635,3642.635,3642.635
2025-09-14,3643.605,3646.048,3636.665,3637.965
2025-09-15,3637.955,3685.345,3626.148,3676.598
2025-09-16,3676.598,3702.828,3674.455,3694.085
2025-09-17,3694.065,3707.308,3645.765,3668.748
2025-09-18,3668.835,3672.785,3627.465,3639.895
2025-09-19,3639.985,3685.089,3631.938,3684.489
2025-09-20,3684.489,3684.489,3684.489,3684.489
2025-09-21,3686.698,3691.895,3683.365,3686.065
2025-09-22,3686.085,3748.948,3685.235,3747.598
2025-09-23,3747.598,3790.865,3736.455,3763.535
2025-09-24,3763.505,3778.998,3717.348,3742.815
2025-09-25,3742.775,3761.425,3721.915,3744.475
2025-09-26,3744.445,3783.595,3734.275,3759.005
2025-09-27,3759.005,3759.005,3759.005,3759.005
2025-09-28,3756.045,3772.285,3755.898,3766.648
2025-09-29,3766.648,3834.005,3763.665,3832.655
2025-09-30,3832.685,3871.505,3792.875,3862.765
2025-10-01,3862.775,3895.145,3853.055,3863.165
2025-10-02,3863.195,3896.958,3819.095,3862.145
2025-10-03,3862.105,3891.475,3837.785,3886.825
2025-10-04,3886.825,3886.825,3886.825,3886.825
2025-10-05,3887.955,3920.485,3883.248,3909.355
2025-10-06,3909.425,3975.925,3898.658,3969.248
2025-10-07,3969.248,3995.775,3940.685,3994.145
2025-10-08,3994.098,4059.098,3984.045,4011.465
2025-10-09,4011.448,4057.765,3943.788,3989.548
2025-10-10,3989.399,4022.748,3946.675,4017.845
2025-10-11,4017.845,4017.845,4017.845,4017.845
2025-10-12,4000.535,4059.938,4000.535,4034.705
2025-10-13,4034.885,4131.748,4024.295,4127.798
2025-10-14,4127.898,4179.355,4089.805,4161.325
2025-10-15,4161.305,4217.995,4153.465,4209.285
2025-10-16,4209.285,4379.125,4203.175,4365.225
2025-10-17,4365.205,4378.455,4185.425,4250.855
2025-10-18,4250.855,4250.855,4250.855,4250.855
2025-10-19,4247.775,4273.685,4233.298,4237.605
2025-10-20,4237.625,4381.298,4218.505,4359.905
2025-10-21,4360.005,4372.108,4078.259,4092.618
2025-10-22,4092.618,4161.165,4003.298,4087.305
2025-10-23,4087.295,4154.435,4065.405,4121.375
2025-10-24,4121.405,4144.145,4043.618,4111.555
2025-10-25,4111.555,4111.555,4111.555,4111.555
2025-10-26,4064.051,4108.598,4061.315,4064.165
2025-10-27,4064.275,4097.545,3971.068,3998.205
2025-10-28,3998.175,4019.405,3886.199,3964.535
2025-10-29,3964.535,4029.955,3916.348,3952.465
2025-10-30,3952.495,4045.925,3915.065,4036.345
2025-10-31,4036.225,4039.135,3971.965,4001.505
2025-11-01,4001.505,4001.505,4001.505,4001.505
2025-11-02,3983.498,3998.625,3977.415,3979.435
2025-11-03,3979.285,4030.385,3962.325,3996.925
2025-11-04,3996.975,4000.475,3928.475,3934.328
2025-11-05,3934.325,3990.235,3929.648,3973.515
2025-11-06,3973.475,4019.275,3964.355,3988.875
2025-11-07,3988.905,4027.225,3983.855,4000.289
2025-11-08,4000.289,4000.289,4000.289,4000.289
2025-11-09,3997.898,4012.105,3996.698,4011.635
2025-11-10,4011.665,4122.515,4010.915,4119.705
2025-11-11,4119.995,4148.755,4096.845,4142.405
2025-11-12,4142.375,4211.495,4098.665,4190.975
2025-11-13,4190.965,4244.925,4144.965,4185.725
2025-11-14,4185.795,4211.015,4031.955,4082.019
2025-11-15,4082.019,4082.019,4082.019,4082.019
2025-11-16,4084.898,4106.295,4070.395,4096.198
2025-11-17,4096.248,4101.605,4006.735,4036.345
2025-11-18,4036.435,4082.275,3997.658,4076.635
2025-11-19,4076.595,4132.675,4055.248,4104.165
2025-11-20,4104.265,4109.805,4038.605,4078.675
2025-11-21,4078.665,4100.839,4022.075,4064.279
2025-11-22,4064.279,4064.279,4064.279,4064.279
2025-11-23,4070.098,4077.285,4064.745,4074.905
2025-11-24,4074.895,4144.148,4039.945,4143.498
2025-11-25,4143.298,4159.045,4109.415,4133.505
2025-11-26,4133.525,4173.145,4132.445,4164.248
2025-11-27,4163.825,4166.825,4142.425,4163.025
2025-11-28,4163.025,4226.735,4150.075,4218.959
2025-11-29,4218.959,4218.959,4218.959,4218.959
2025-11-30,4222.298,4230.349,4204.348,4221.805
2025-12-01,4221.655,4264.385,4215.275,4227.248
2025-12-02,4227.348,4230.365,4163.458,4212.435
2025-12-03,4212.405,4241.235,4194.405,4206.985
2025-12-04,4206.955,4219.255,4175.005,4205.915
2025-12-05,4205.975,4259.105,4191.815,4197.405
2025-12-06,4197.405,4197.405,4197.405,4197.405
2025-12-07,4199.615,4202.495,4193.385,4200.665
2025-12-08,4201.245,4218.755,4175.998,4194.535
2025-12-09,4194.435,4221.345,4169.845,4210.448
2025-12-10,4210.448,4238.445,4181.565,4232.225
2025-12-11,4232.235,4285.705,4203.905,4275.905
2025-12-12,4275.905,4353.325,4256.845,4298.705
2025-12-13,4298.705,4298.705,4298.705,4298.705
2025-12-14,4299.298,4308.195,4293.798,4301.975
2025-12-15,4302.155,4349.995,4285.055,4303.965
2025-12-16,4303.955,4334.935,4271.125,4307.695
2025-12-17,4307.765,4348.675,4306.305,4338.648
2025-12-18,4338.648,4374.395,4308.285,4334.865
2025-12-19,4334.845,4356.365,4308.715,4338.669
2025-12-20,4338.669,4338.669,4338.669,4338.669
2025-12-21,4338.898,4355.948,4336.635,4354.915
2025-12-22,4354.885,4461.598,4354.885,4459.865
2025-12-23,4459.865,4510.175,4429.975,4503.125
2025-12-24,4503.095,4525.765,4447.895,4479.029
2025-12-25,4490.045,4499.625,4482.655,4494.785
2025-12-26,4494.875,4549.715,4491.535,4532.365
2025-12-27,4532.365,4532.365,4532.365,4532.365
2025-12-28,4538.698,4549.298,4522.625,4526.448
2025-12-29,4526.448,4527.545,4300.698,4345.455
2025-12-30,4345.465,4403.998,4324.195,4338.655
2025-12-31,4338.655,4372.905,4273.805,4318.679
2026-01-01,4318.679,4351.005,4318.679,4347.805
2026-01-02,4347.798,4401.928,4309.618,4331.575
2026-01-03,4331.575,4331.575,4331.575,4331.575
2026-01-04,4331.575,4375.665,4331.575,4372.345
2026-01-05,4372.275,4459.815,4370.025,4440.285
2026-01-06,4440.285,4500.348,4427.725,4493.235
2026-01-07,4493.185,4495.595,4423.135,4463.205
2026-01-08,4463.145,4483.548,4407.485,4475.485
2026-01-09,4475.445,4516.898,4452.585,4509.015
2026-01-10,4509.015,4509.015,4509.015,4509.015
2026-01-11,4509.015,4544.735,4509.015,4539.855
2026-01-12,4539.775,4629.975,4536.055,4599.095
2026-01-13,4599.205,4634.285,4569.185,4596.805
2026-01-14,4596.795,4642.695,4596.745,4615.015
2026-01-15,4614.935,4624.325,4580.815,4609.855
2026-01-16,4609.835,4620.035,4536.515,4595.515
2026-01-17,4595.515,4595.515,4595.515,4595.515
2026-01-18,4595.515,4690.265,4595.515,4672.365
2026-01-19,4672.375,4681.735,4652.845,4665.135
2026-01-20,4665.145,4780.895,4659.245,4775.625
2026-01-21,4775.605,4888.075,4755.345,4777.915
2026-01-22,4777.875,4960.435,4772.185,4958.795
2026-01-23,4958.785,4989.675,4899.545,4983.785
2026-01-24,4983.785,4983.785,4983.785,4983.785
2026-01-25,4983.785,5039.695,4983.785,5039.395
2026-01-26,5039.525,5110.885,4989.805,5043.195
2026-01-27,5043.225,5190.235,5013.595,5171.895
2026-01-28,5171.975,5596.805,5157.115,5512.255
2026-01-29,5512.795,5595.275,5098.765,5437.995
2026-01-30,5437.995,5450.745,4679.725,4895.118
2026-01-31,4895.118,4895.118,4895.118,4895.118
2026-02-01,4895.118,4895.118,4694.575,4741.745
2026-02-02,4741.725,4884.248,4401.038,4773.935
2026-02-03,4773.975,4993.458,4744.808,4946.875
2026-02-04,4946.895,5091.395,4844.165,5011.895
2026-02-05,5011.705,5020.175,4702.915,4703.275
2026-02-06,4703.265,4970.898,4654.355,4964.298
2026-02-07,4964.298,4964.298,4964.298,4964.298
2026-02-08,4964.298,5046.805,4962.605,5035.475
2026-02-09,5035.475,5086.265,4967.835,5031.245
2026-02-10,5031.095,5078.485,4998.685,5041.575
2026-02-11,5041.535,5118.815,5017.995,5060.785
2026-02-12,5060.625,5083.475,4877.255,4919.775
2026-02-13,4919.875,5045.965,4913.505,5040.285
2026-02-14,5040.285,5040.285,5040.285,5040.285
2026-02-15,5040.285,5051.678,5006.628,5019.898
2026-02-16,5019.655,5030.945,4964.868,4989.435
2026-02-17,4989.465,4991.005,4840.095,4858.815
2026-02-18,4858.855,5010.815,4857.848,4975.635
2026-02-19,4975.615,5022.015,4960.048,4987.445
2026-02-20,4987.508,5107.698,4981.315,5106.169
2026-02-21,5106.169,5106.169,5106.169,5106.169
2026-02-22,5106.169,5171.565,5096.958,5165.025
2026-02-23,5164.255,5249.575,5121.818,5235.345
2026-02-24,5235.395,5237.825,5093.225,5146.365
2026-02-25,5146.395,5217.385,5136.535,5162.905
2026-02-26,5162.925,5205.215,5129.495,5184.345
2026-02-27,5184.375,5280.878,5166.535,5277.419
2026-02-28,5277.419,5277.419,5277.419,5277.419
2026-03-01,5277.419,5392.995,5277.419,5386.545
2026-03-02,5386.675,5418.875,5260.095,5345.695
2026-03-03,5345.755,5379.755,4995.475,5125.035
2026-03-04,5125.015,5205.995,5105.348,5165.025
2026-03-05,5164.995,5194.615,5050.638,5085.885
2026-03-06,5085.835,5175.048,5062.125,5171.798
2026-03-07,5171.798,5171.798,5171.798,5171.798
2026-03-08,5171.798,5196.698,5043.468,5075.675
2026-03-09,5075.295,5155.825,5014.655,5139.475
2026-03-10,5139.305,5238.365,5124.465,5197.175
2026-03-11,5197.175,5223.015,5129.175,5134.205
2026-03-12,5134.225,5191.388,5054.795,5097.775
2026-03-13,5097.725,5128.225,5009.495,5018.098
2026-03-14,5018.098,5018.098,5018.098,5018.098
2026-03-15,5018.098,5029.945,4967.125,4997.255
2026-03-16,4997.275,5037.715,4970.115,5012.645
2026-03-17,5012.575,5044.355,4973.495,5002.695
2026-03-18,5002.705,5016.065,4803.845,4836.505
2026-03-19,4836.495,4866.995,4502.108,4643.325
2026-03-20,4643.205,4735.835,4477.125,4490.055
2026-03-21,4490.055,4490.055,4490.055,4490.055
2026-03-22,4490.055,4535.815,4448.835,4464.415
2026-03-23,4464.435,4512.665,4098.275,4440.915
2026-03-24,4440.895,4551.118,4305.565,4546.375
2026-03-25,4546.335,4602.125,4486.508,4497.875
2026-03-26,4497.845,4544.275,4350.995,4404.665
2026-03-27,4404.775,4554.965,4375.235,4492.375
2026-03-28,4492.375,4492.375,4492.375,4492.375
2026-03-29,4492.375,4514.675,4443.485,4448.495
2026-03-30,4448.675,4580.465,4417.665,4513.325
2026-03-31,4513.375,4699.825,4482.115,4696.065
2026-04-01,4695.965,4800.185,4666.605,4783.698
2026-04-02,4783.655,4798.525,4553.158,4675.805
2026-04-03,4675.805,4675.805,4675.805,4675.805
2026-04-04,4675.805,4675.805,4675.805,4675.805
2026-04-05,4675.805,4675.805,4604.378,4610.078
2026-04-06,4610.078,4706.255,4600.385,4658.555
2026-04-07,4659.155,4836.105,4607.335,4832.958
2026-04-08,4832.958,4856.998,4699.235,4715.215
2026-04-09,4715.375,4801.015,4698.085,4763.435
2026-04-10,4763.485,4794.765,4730.205,4746.935
2026-04-11,4746.935,4746.935,4746.935,4746.935
2026-04-12,4746.935,4746.935,4634.998,4671.155
2026-04-13,4671.175,4765.668,4664.325,4757.365
2026-04-14,4757.405,4850.445,4751.285,4836.935
2026-04-15,4836.965,4871.165,4785.885,4823.205
2026-04-16,4822.995,4838.335,4772.898,4791.505
2026-04-17,4791.475,4889.335,4768,4829.115
2026-04-18,4829.115,4829.115,4829.115,4829.115
2026-04-19,4829.115,4829.115,4736.635,4754.945
2026-04-20,4754.995,4832.845,4744.295,4821.485
2026-04-21,4821.795,4830.565,4668.275,4737.795
2026-04-22,4737.765,4772.165,4723.008,4727.525
2026-04-23,4727.505,4753.585,4664.045,4695.025
2026-04-24,4695.025,4739.995,4657.485,4707.865
2026-04-25,4707.865,4707.865,4707.865,4707.865
2026-04-26,4707.865,4707.865,4674.655,4679.825
2026-04-27,4679.715,4729.875,4667.055,4691.705
2026-04-28,4691.855,4701.015,4554.675,4595.365
2026-04-29,4595.385,4610.195,4509.875,4561.345
2026-04-30,4561.325,4646.705,4540.545,4626.395
2026-05-01,4626.305,4660.065,4560.045,4613.558
2026-05-02,4613.558,4613.558,4613.558,4613.558
2026-05-03,4613.558,4637.355,4611.105,4613.605
2026-05-04,4613.578,4618.365,4500.665,4518.815
2026-05-05,4518.825,4595.425,4513.265,4593.775
2026-05-06,4593.735,4722.825,4588.015,4698.745
2026-05-07,4698.695,4764.595,4675.648,4704.145
2026-05-08,4704.085,4749.245,4693.835,4712.655
2026-05-09,4712.655,4712.655,4712.655,4712.655
2026-05-10,4712.655,4712.655,4678.165,4691.465
2026-05-11,4691.395,4769.405,4647.825,4767.215
2026-05-12,4767.215,4773.335,4638.225,4716.695
2026-05-13,4716.905,4726.618,4669.415,4696.415
2026-05-14,4696.395,4718.568,4643.965,4651.975
2026-05-15,4651.935,4658.125,4511.215,4538.898
2026-05-16,4538.898,4538.898,4538.898,4538.898
2026-05-17,4538.898,4554.575,4526.498,4536.795
2026-05-18,4536.825,4588.825,4480.065,4581.615
2026-05-19,4582.005,4589.295,4464.615,4489.055
2026-05-20,4489.075,4552.585,4453.145,4546.198
2026-05-21,4546.198,4570.725,4488.335,4535.205
2026-05-22,4535.305,4540.925,4491.605,4508.395
2026-05-23,4508.395,4508.395,4508.395,4508.395
2026-05-24,4508.395,4579.995,4508.395,4566.735
2026-05-25,4566.765,4580.225,4550.315,4559.425
2026-05-26,4559.555,4559.895,4482.365,4519.335
2026-05-27,4519.228,4525.645,4401.325,4446.975
2026-05-28,4446.955,4516.318,4366.048,4494.735
2026-05-29,4494.795,4594.665,4491.695,4537.498
2026-05-30,4537.498,4537.498,4537.498,4537.498
2026-05-31,4537.498,4545.485,4517.555,4539.335
2026-06-01,4539.295,4545.695,4447.515,4484.265
2026-06-02,4484.455,4541.385,4461.905,4474.125
2026-06-03,4474.095,4496.515,4423.685,4457.105
2026-06-04,4457.215,4515.175,4442.945,4461.375
2026-06-05,4461.405,4475.645,4311.498,4326.705
2026-06-06,4326.705,4326.705,4326.705,4326.705
2026-06-07,4326.705,4346.925,4309.688,4343.755
2026-06-08,4343.835,4353.085,4268.125,4317.615
2026-06-09,4317.575,4363.205,4210.115,4221.805
2026-06-10,4221.805,4228.105,4023.585,4046.855
2026-06-11,4047.105,4246.415,4035.848,4219.625
2026-06-12,4219.558,4235.298,4169.955,4217.765
2026-06-13,4217.765,4217.765,4217.765,4217.765
2026-06-14,4217.765,4308.255,4217.765,4293.865
2026-06-15,4293.835,4369.485,4285.185,4315.395
2026-06-16,4315.375,4354.905,4306.665,4330.735
2026-06-17,4330.765,4382.125,4218.805,4277.665
2026-06-18,4277.685,4329.865,4186.745,4188.115
2026-06-19,4187.998,4197.945,4121.438,4154.335
2026-06-20,4154.335,4154.335,4154.335,4154.335
2026-06-21,4154.335,4164.525,4136.125,4139.985
2026-06-22,4140.015,4220.778,4139.755,4187.475
2026-06-23,4187.315,4198.435,4080.495,4099.035
2026-06-24,4098.955,4111.965,3958.695,4012.205
2026-06-25,4012.185,4043.918,3961.755,4014.255
2026-06-26,4014.205,4095.795,3982.635,4087.915
2026-06-27,4087.915,4087.915,4087.915,4087.915
